Date,Symbol,Open,High,Low,Last,Close
2020-01-06,ABB,1321.95,1340,1275,1285,1287
2020-01-07,ABB,1298,1315,1289,1299.95,1306.75
2020-01-08,ABB,1300,1318,1285.05,1307.4,1310.7
2020-01-09,ABB,1319,1339,1285,1337.4,1322.1
2020-01-10,ABB,1337.4,1405.8,1331.5,1378,1372.4
2020-01-13,ABB,1379.4,1411,1370.1,1379,1376.85
2020-01-14,ABB,1372,1411,1362,1369,1369.2
2020-01-15,ABB,1373.8,1373.8,1315,1328.55,1327.05
2020-01-16,ABB,1332,1345,1295.1,1300.05,1306.35
2020-01-17,ABB,1307.15,1314.75,1292.05,1309,1302.75
2020-01-20,ABB,1303,1316,1280,1287.85,1290.6
2020-01-21,ABB,1290,1319.45,1286,1311,1310.15
2020-01-22,ABB,1315,1315.35,1295,1304.55,1303.3
2020-01-23,ABB,1309,1320,1302,1319,1316.4
2020-01-24,ABB,1318,1364.85,1301.45,1321,1329.05
2020-01-27,ABB,1312,1360,1312,1345,1339.6
2020-01-28,ABB,1340.85,1352,1324,1336,1329.75
2020-01-29,ABB,1331,1355.15,1331,1341.7,1342.25
2020-01-30,ABB,1323,1346.85,1323,1332,1331.75
2020-01-31,ABB,1349,1349,1295,1304.95,1310.7
2020-02-01,ABB,1313,1328.55,1266,1270,1281.25
2020-02-03,ABB,1282,1315,1282,1298,1292.3
2020-02-04,ABB,1301,1324,1293.8,1310.05,1311.3
2020-02-05,ABB,1318,1348,1313.95,1335,1338.5
2020-02-06,ABB,1339.7,1360.95,1324.3,1334.95,1339.45
2020-02-07,ABB,1333,1340,1316,1332,1328.95
2020-02-10,ABB,1332,1379,1317,1340,1341.95
2020-02-11,ABB,1349,1365,1322,1328,1334.2
2020-02-12,ABB,1339.8,1344,1255.2,1267,1274.45
2020-02-13,ABB,1273,1278.15,1226.15,1270,1268.65
2020-02-14,ABB,1268.85,1280,1229.35,1230,1233.1
2020-02-17,ABB,1254,1254,1213,1221.05,1223.5
2020-02-18,ABB,1220.5,1227,1200.7,1203,1205.1
2020-02-19,ABB,1210,1229,1202,1213,1209.75
2020-02-20,ABB,1213.9,1246.9,1213.35,1228.65,1230.9
2020-02-24,ABB,1225,1225,1190,1192,1191.95
2020-02-25,ABB,1192,1217.9,1192,1202,1200.2
2020-02-26,ABB,1195,1212.35,1190,1200,1201.4
2020-02-27,ABB,1198,1203,1189,1198,1198.6
2020-02-28,ABB,1188,1195,1175,1185.1,1185
2020-03-02,ABB,1185,1198.9,1182.05,1190,1190.2
2020-03-03,ABB,1199,1204.85,1154,1162,1161
2020-03-04,ABB,1168.95,1178.65,1150,1155,1157.15
2020-03-05,ABB,1167.8,1185,1160,1182,1180.55
2020-03-06,ABB,1168,1221,1155,1220,1191.9
2020-03-09,ABB,1180,1192.75,1096.7,1130,1129.85
2020-03-11,ABB,1130,1143,1096.5,1110.05,1109.45
2020-03-12,ABB,1087.95,1087.95,1000,1040,1038.6
2020-03-13,ABB,1008.7,1029.95,830.9,1020,1006.8
2020-03-16,ABB,1000,1018.45,947,970,963.85
2020-03-17,ABB,980,980,920,940,948.8
2020-03-18,ABB,974,974,899.3,907,905.1
2020-03-19,ABB,880,925,835,901.95,895.9
2020-03-20,ABB,898.5,969.95,851.05,950,949.55
2020-03-23,ABB,825,999,805,881,863.05
2020-03-24,ABB,900,900,821.2,830,830.15
2020-03-25,ABB,801,850,801,826,834.55
2020-03-26,ABB,835.7,870.2,829.55,860,861.3
2020-03-27,ABB,915.15,915.15,835,850.95,852.5
2020-03-30,ABB,839.55,889,826,880,881.4
2020-03-31,ABB,910,949,866.75,934.3,935.4
2020-04-01,ABB,935.4,949,904.9,914.3,929.65
2020-04-03,ABB,914.3,949,893,935,934.15
2020-04-07,ABB,969.9,1050,911,915,931.35
2020-04-08,ABB,935,965,910,928,930.7
2020-04-09,ABB,943,948,916.35,925,926.85
2020-04-13,ABB,930,934,897.5,908.95,907.2
2020-04-15,ABB,915,934.4,901,920.1,915.85
2020-04-16,ABB,914.8,928.05,898.95,903,900.15
2020-04-17,ABB,918.4,933,913.8,931,924.9
2020-04-20,ABB,936.3,972.75,900.35,910,906.75
2020-04-21,ABB,900,929,887.55,888.8,894.5
2020-04-22,ABB,900.85,921.8,887.05,909.95,908.05
2020-04-23,ABB,905,921.95,896.2,904,901.8
2020-04-24,ABB,901.8,906.55,890,892,893.45
2020-04-27,ABB,900,907,880.05,886.95,883.35
2020-04-28,ABB,892.5,906.45,868,871.8,873.4
2020-04-29,ABB,881,891.75,875,886.4,880.15
2020-04-30,ABB,900,913.15,890.1,904,900.55
2020-05-04,ABB,895,895,870,878.9,879.5
2020-05-05,ABB,893.8,896.05,870.05,874,873.2
2020-05-06,ABB,871,887.95,866.05,869.9,869.55
2020-05-07,ABB,864.5,872,856,859.9,858.5
2020-05-08,ABB,863.95,868.45,841,844.2,846.6
2020-05-11,ABB,849.6,872,846.55,863.55,866.9
2020-05-12,ABB,860,860.35,850,853,852
2020-05-13,ABB,868.75,876.8,852,857.9,855.65
2020-05-14,ABB,840.05,864,833,836.95,836.1
2020-05-15,ABB,840,846,821,823,822.7
2020-05-18,ABB,822.7,828.3,797.05,799,799.8
2020-05-19,ABB,818.95,818.95,780,784.1,784.5
2020-05-20,ABB,788.9,788.9,773,775.05,774.35
2020-05-21,ABB,774,800,745.65,750,749.75
2020-05-22,ABB,750,758.85,729,732.7,730.1
2020-05-26,ABB,737.3,749,723.3,725.5,725.95
2020-05-27,ABB,735,741,722,734,736.65
2020-05-28,ABB,741.95,772,737.25,740,739.85
2020-05-29,ABB,741,753.9,739,744,744.25
2020-06-01,ABB,757,834,754.4,817,821.4
2020-06-02,ABB,828.4,844.5,817.3,827,824.9
2020-06-03,ABB,830,843.9,825,837,835.85
2020-06-04,ABB,836,842.5,829,837.8,835
2020-06-05,ABB,840,889.9,838.05,874.3,877.5
2020-06-08,ABB,900.15,913.95,870,877,878.45
2020-06-09,ABB,886,886.8,833,837,852.8
2020-06-10,ABB,838,847,825,830.7,830.35
2020-06-11,ABB,834,839.95,808,811.9,810.05
2020-06-12,ABB,786,815,780,805.25,807.4
2020-06-15,ABB,813.4,822.55,801.95,804.95,806.1
2020-06-16,ABB,819.95,824,789.65,792.9,794.95
2020-06-17,ABB,798.4,801,781,782,784.65
2020-06-18,ABB,787.85,800,784.55,789.5,787.5
2020-06-19,ABB,789.5,830,788,812.6,813
2020-06-22,ABB,825,839.8,822.05,832.05,832.3
2020-06-23,ABB,838,859.9,832.15,857,854.85
2020-06-24,ABB,861,888.5,855.25,869.6,867.85
2020-06-25,ABB,871,896,871,894.1,880.5
2020-06-26,ABB,895.25,927,891.25,912,914.35
2020-06-29,ABB,920,929,885.6,923,922.35
2020-07-01,ABB,939.05,964,919.05,960.05,954.3
2020-07-02,ABB,966,979,955.1,962,963.4
2020-07-03,ABB,965,988,940,977.35,979.5
2020-07-06,ABB,982,1017,976.2,981.25,983.4
2020-07-07,ABB,987.5,988.95,957.25,959,961.4
2020-07-08,ABB,968,971.5,942,943.3,944.65
2020-07-09,ABB,947,955,926.05,928.5,928.5
2020-07-10,ABB,930,936.75,914.9,915.15,916.95
2020-07-13,ABB,922,925.35,910,913,914.9
2020-07-14,ABB,913,915,901.05,910.5,908.15
2020-07-15,ABB,916,933,900.9,906.1,905.8
2020-07-16,ABB,909.9,919,894,909.95,905.85
2020-07-17,ABB,914,923.25,907,914.5,912.15
2020-07-20,ABB,913.5,932.7,894,894.95,898.95
2020-07-21,ABB,903,913.95,901.15,907,906.85
2020-07-22,ABB,910,930,902,926.25,925.65
2020-07-23,ABB,930,945,925,939.95,934.8
2020-07-24,ABB,910,919,895,913,912.6
2020-07-27,ABB,912.1,912.1,890,894,893.55
2020-07-28,ABB,898.5,899.4,891,895.4,894.5
2020-07-29,ABB,897,902,875,880,880.95
2020-07-30,ABB,873.8,892.95,862.6,869.05,865.15
2020-07-31,ABB,870.5,897.4,865.5,896.5,894.95
2020-08-03,ABB,900.1,919.4,869.45,876,881.6
2020-08-04,ABB,882.6,909.7,881.6,905.95,905.3
2020-08-05,ABB,910,922,896,901.65,900.1
2020-08-06,ABB,904,904,886.15,891.95,889.4
2020-08-07,ABB,889.4,904.35,879.4,884,881.8
2020-08-10,ABB,886.65,899,874.6,891,892
2020-08-11,ABB,896.85,917.6,892,906.7,903.4
2020-08-12,ABB,903.45,924.8,903.45,908.65,908.15
2020-08-13,ABB,909.5,939.25,908.55,938.45,932.4
2020-08-14,ABB,945,959,933.55,945,949.4
2020-08-17,ABB,954,960,923,927.6,929.8
2020-08-18,ABB,935,939.5,930.05,933.9,933.1
2020-08-19,ABB,933.9,965.55,933.9,965,961.85
2020-08-20,ABB,959,974.2,949.5,970.1,968.8
2020-08-21,ABB,977,998,975,990,982.85
2020-08-24,ABB,986,996.5,966.25,974,971.25
2020-08-25,ABB,972,988.1,963.45,969,969.25
2020-08-26,ABB,973,979,950,961.85,959.25
2020-08-27,ABB,964,985,961.9,971,970.9
2020-08-28,ABB,972,994.7,972,987,985.6
2020-08-31,ABB,993,1009,941.45,952.2,950.75
2020-09-01,ABB,952.2,961.15,936.3,960,945.6
2020-09-02,ABB,952.35,985,951,975,974.75
2020-09-03,ABB,979.9,990.8,971.75,980.45,981.35
2020-09-04,ABB,960.25,968.9,945.05,946.5,947.6
2020-09-07,ABB,955.85,957.35,920.6,929.9,925.05
2020-09-08,ABB,928.7,943.7,900,901,901.15
2020-09-09,ABB,899,914.5,894.7,902.9,901.8
2020-09-10,ABB,907,912,895.95,899.2,899.25
2020-09-11,ABB,903,903,893.55,899.25,898.4
2020-09-14,ABB,902.7,913,902,905,907.55
2020-09-15,ABB,913.7,923,912,916.2,915
2020-09-16,ABB,919.2,920.95,906.45,911,908.55
2020-09-17,ABB,907.65,922.5,902,922,916.3
2020-09-18,ABB,922.9,924.8,898.45,901,900.8
2020-09-21,ABB,904,905.9,896.3,901,898.75
2020-09-22,ABB,892,900.25,866,894.25,892.95
2020-09-23,ABB,897.3,900.05,882.05,885.15,884.3
2020-09-24,ABB,880,884.9,855.25,860,858.6
2020-09-25,ABB,864.95,875.95,846.6,851,852.3
2020-09-28,ABB,855,872.9,849.9,864,861.25
2020-09-29,ABB,867.9,874.85,853,855.75,854.95
2020-09-30,ABB,861.3,864.85,855.05,863.35,859.5
2020-10-01,ABB,866.05,873,859.9,867,861
2020-10-05,ABB,865,878,865,871.05,870.75
2020-10-06,ABB,872,879.9,870.15,871.6,872.1
2020-10-07,ABB,875.7,886.75,865,876.9,876.75
2020-10-08,ABB,878.95,887,860,863.9,864.95
2020-10-09,ABB,864,880.9,863.9,875,870.7
2020-10-12,ABB,874.9,885,864.45,867.05,866.45
2020-10-13,ABB,867,872.4,857,858.6,861.55
2020-10-14,ABB,859.95,867.7,848,855,859.2
2020-10-15,ABB,860.5,868.05,853,855,858.55
2020-10-16,ABB,855.1,867,850.7,862,863.8
2020-10-19,ABB,866,900.4,857.05,895.6,896.45
2020-10-20,ABB,895,895.9,882,885,884.85
2020-10-21,ABB,882,904.5,882,896.85,901.65
2020-10-22,ABB,901.65,923.3,898,916.25,917.2
2020-10-23,ABB,919.9,924.45,905.2,913.25,918
2020-10-26,ABB,915,917.4,880.05,888.95,889.05
2020-10-27,ABB,886.8,936.95,884.15,925,929.55
2020-10-28,ABB,933.8,937.2,902.85,904.8,907.05
2020-10-29,ABB,900,900,882,886.1,886.8
2020-10-30,ABB,888.3,909,883.85,889,893.7
2020-11-02,ABB,888,900.4,868.6,875.5,875.65
2020-11-03,ABB,880.05,892.75,875,880,877.4
2020-11-04,ABB,884.9,888.95,871.25,878.45,878.8
2020-11-05,ABB,892.75,905,881,898.8,894.15
2020-11-06,ABB,914,941.75,905.1,935.1,937.85
2020-11-09,ABB,935.1,954.75,935.1,947.1,949.3
2020-11-10,ABB,952.6,970,940,942.95,948.75
2020-11-11,ABB,946.95,958.75,936,943,944.25
2020-11-12,ABB,949.4,975.55,949.4,961,967.7
2020-11-13,ABB,967.7,1006,958.6,1002,1000.25
2020-11-14,ABB,1006,1010,972.05,984.9,986.15
2020-11-17,ABB,997,1006.55,980,980.8,982.85
2020-11-18,ABB,980.35,1089.9,980.35,1079,1078.9
2020-11-19,ABB,1078,1089.95,1033.35,1044,1044.55
2020-11-20,ABB,1049,1135,1044,1133,1116.05
2020-11-23,ABB,1129,1163,1050,1058.8,1072.75
2020-11-24,ABB,1074.9,1087.85,1051.1,1068.5,1072.3
2020-11-25,ABB,1077.7,1085,1011.5,1029,1025.5
2020-11-26,ABB,1033.95,1086.4,1030.3,1076.65,1076.95
2020-11-27,ABB,1092,1104.85,1061,1069,1073.75
2020-12-01,ABB,1081.15,1145,1073.85,1125.4,1138.05
2020-12-02,ABB,1142,1200,1116.05,1182.15,1190.8
2020-12-03,ABB,1182.15,1238.95,1170,1172,1172
2020-12-04,ABB,1184,1197.65,1150,1164,1154.45
2020-12-07,ABB,1174,1174,1140,1150,1154.95
2020-12-08,ABB,1165,1190,1148,1152,1154.8
2020-12-09,ABB,1162.95,1177,1152,1157.25,1155.15
2020-12-10,ABB,1167.25,1186.8,1144.2,1159.7,1158.8
2020-12-11,ABB,1167.2,1183.4,1152,1175,1176.2
2020-12-14,ABB,1180,1180,1155,1157.9,1161.4
2020-12-15,ABB,1159,1166.55,1151.15,1155,1154.35
2020-12-16,ABB,1159.3,1206.75,1157.65,1195.75,1194.9
2020-12-17,ABB,1203.95,1239.8,1195.75,1237.8,1232.7
2020-12-18,ABB,1244.4,1260,1201.05,1240.5,1246.95
2020-12-21,ABB,1244.5,1254.9,1181,1203.2,1215.3
2020-12-22,ABB,1214,1225,1157.2,1190.05,1185.65
2020-12-23,ABB,1197,1236.85,1190.25,1200,1201
2020-12-24,ABB,1218,1230,1200,1213,1206.55
2020-12-28,ABB,1221.35,1228,1212,1218.75,1217.55
2020-12-29,ABB,1223.2,1227.9,1190,1195.1,1203.05
2020-12-30,ABB,1205.7,1239.9,1201.25,1205.3,1208.9
2020-12-31,ABB,1214,1217.9,1202.2,1211,1212.05
2021-01-01,ABB,1212,1238.5,1212,1236.05,1232.7
2021-01-04,ABB,1239.1,1290,1235,1262,1262.9
2021-01-05,ABB,1259.5,1305,1225,1288.5,1293.6
2021-01-06,ABB,1295,1316,1291,1305,1297.65
2021-01-07,ABB,1302,1316.9,1291.25,1300.45,1302.65
2021-01-08,ABB,1307.55,1330,1300,1311.1,1315
2021-01-11,ABB,1314,1314,1288,1288,1296.9
2021-01-12,ABB,1288,1301,1265,1269.9,1269.3
2021-01-13,ABB,1277.8,1294,1265,1276,1280.5
2021-01-14,ABB,1284.05,1298.65,1265.1,1270,1274.4
2021-01-15,ABB,1279.4,1293,1260,1287,1284.65
2021-01-18,ABB,1291,1349.4,1286.7,1343,1344.5
2021-01-19,ABB,1344,1419,1343,1396,1391.25
2021-01-20,ABB,1392,1408.25,1373,1399,1393.1
2021-01-21,ABB,1403.5,1408.75,1372,1380,1377.3
2021-01-22,ABB,1380,1405,1367,1390,1377.85
2021-01-25,ABB,1391.4,1391.4,1349.75,1353,1354.8
2021-01-27,ABB,1350.05,1399.9,1346,1385.25,1388.8
2021-01-28,ABB,1374,1419.45,1344.95,1351.6,1354.8
2021-01-29,ABB,1365.4,1405,1364.3,1387.1,1388.3
2021-02-01,ABB,1388.3,1398.55,1357.15,1390,1382.95
2021-02-02,ABB,1389.9,1507.35,1389.9,1447,1445.4
2021-02-03,ABB,1456.7,1465,1421,1455,1447.45
2021-02-04,ABB,1448,1534,1443,1515.6,1518.05
2021-02-05,ABB,1518,1523.85,1481.6,1491.9,1495.3
2021-02-08,ABB,1496,1504.75,1475.05,1485.05,1481.95
2021-02-09,ABB,1493.7,1499,1439.2,1453,1458.65
2021-02-10,ABB,1462,1487.45,1430.1,1445,1445
2021-02-11,ABB,1445,1460,1405,1416,1423.35
2021-02-12,ABB,1429,1480,1425.6,1471.9,1466.85
2021-02-15,ABB,1475,1503.75,1465,1473.95,1474.15
2021-02-16,ABB,1480.8,1515,1474,1494.45,1500.5
2021-02-17,ABB,1480,1504.75,1480,1501,1498.95
2021-02-18,ABB,1509.8,1570,1502,1550,1532.85
2021-02-19,ABB,1542,1635,1510,1518,1521.6
2021-02-22,ABB,1521.6,1529.95,1430,1490,1456.4
2021-02-23,ABB,1477.2,1517.5,1463.05,1479,1480
2021-02-24,ABB,1494.65,1600,1485.9,1550.15,1570.8
2021-02-25,ABB,1584.8,1590.8,1511.35,1550.35,1537.9
2021-02-26,ABB,1521,1564,1500,1525,1528.15
2021-03-01,ABB,1547,1559.85,1515,1526.4,1525.2
2021-03-02,ABB,1526.4,1549,1509,1521.85,1521
2021-03-03,ABB,1532.85,1550.4,1510,1532.95,1532.7
2021-03-04,ABB,1522,1546.9,1506,1512,1512.8
2021-03-05,ABB,1514.75,1528,1485,1493.9,1488.85
2021-03-08,ABB,1504,1512.55,1476.8,1504.5,1495.5
2021-03-09,ABB,1508,1509.65,1464.5,1468,1476.45
2021-03-10,ABB,1478,1523.9,1451,1467.95,1466.25
2021-03-12,ABB,1473,1481.25,1455,1470.05,1471.1
2021-03-15,ABB,1471,1476.9,1440.2,1445.95,1447.65
2021-03-16,ABB,1454,1469,1425.95,1441,1442.05
2021-03-17,ABB,1447.9,1450,1425.2,1447.9,1439.75
2021-03-18,ABB,1454.85,1467.55,1416.15,1425,1427.3
2021-03-19,ABB,1422,1433,1333,1394.95,1413.85
2021-03-22,ABB,1414,1428,1385,1390.8,1388.6
2021-03-23,ABB,1395.8,1420,1385,1396,1397.35
2021-03-24,ABB,1390,1401.85,1368,1380,1375.6
2021-03-25,ABB,1375,1405,1330.2,1393,1391.65
2021-03-26,ABB,1398,1498.3,1375.3,1452,1453.55
2021-03-30,ABB,1453.55,1481.55,1431.05,1438.1,1439.35
2021-03-31,ABB,1437.65,1438,1397,1398,1410.05
2021-04-01,ABB,1413.8,1424.7,1391.1,1398,1397.5
2021-04-05,ABB,1390,1400,1365.15,1379.8,1382.2
2021-04-06,ABB,1384,1395.55,1360,1372.1,1374.45
2021-04-07,ABB,1375,1389.9,1366.75,1371.45,1375
2021-04-08,ABB,1377.85,1405.5,1375.2,1397.95,1396.3
2021-04-09,ABB,1396.35,1407.95,1375,1379.2,1380.4
2021-04-12,ABB,1378,1378,1298.55,1302.85,1309.45
2021-04-13,ABB,1315,1335,1305.85,1316.5,1319.6
2021-04-15,ABB,1316.5,1363.95,1309.05,1345.9,1349.45
2021-04-16,ABB,1351.9,1374.95,1345.3,1372,1371.35
2021-04-19,ABB,1357,1412,1314.45,1395,1395.15
2021-04-20,ABB,1395,1418,1381.1,1385,1395.4
2021-04-22,ABB,1395,1400,1368.4,1387,1391.65
2021-04-23,ABB,1387,1393.6,1369,1375,1380.7
2021-04-26,ABB,1381.95,1402.95,1360.1,1366,1369.1
2021-04-27,ABB,1378,1401.9,1375.2,1383,1384.35
2021-04-28,ABB,1408.1,1436.25,1362,1376,1387.9
2021-04-29,ABB,1405,1405,1377,1383.9,1381.3
2021-04-30,ABB,1375,1399.4,1360,1390,1381.25
2021-05-03,ABB,1385.6,1399,1352.05,1389,1392
2021-05-04,ABB,1392,1399.6,1365.1,1368.6,1377.45
2021-05-05,ABB,1378.1,1387.55,1363,1370.25,1370.65
2021-05-06,ABB,1374.7,1385,1374.15,1380.75,1380.6
2021-05-07,ABB,1385,1394.45,1368,1373.85,1371.95
2021-05-10,ABB,1385.1,1397,1367.25,1373.95,1375.35
2021-05-11,ABB,1369,1385,1362.7,1369.8,1368.85
2021-05-12,ABB,1381,1434,1371.1,1409,1401.9
2021-05-14,ABB,1414,1423.95,1378.25,1384.9,1391.8
2021-05-17,ABB,1391,1425,1382,1418,1420.75
2021-05-18,ABB,1410.8,1470,1410.8,1450,1449.85
2021-05-19,ABB,1448,1481.8,1441,1446.25,1450.2
2021-05-20,ABB,1448,1459.8,1416.05,1431.7,1429.25
2021-05-21,ABB,1432,1443.7,1424.75,1431,1433.1
2021-05-24,ABB,1436.25,1483.25,1433.1,1475,1475.7
2021-05-25,ABB,1481,1517.35,1466,1493.9,1495.65
2021-05-26,ABB,1490.5,1519.4,1482.95,1501,1501.35
2021-05-27,ABB,1505,1600,1492.5,1575,1579.25
2021-05-28,ABB,1565,1600,1523.1,1585,1588.75
2021-05-31,ABB,1600,1730,1600,1649,1668.85
2021-06-01,ABB,1685,1754,1651,1696,1693.25
2021-06-02,ABB,1698,1717,1668,1701,1700.55
2021-06-03,ABB,1711,1717.45,1681,1689.95,1691.95
2021-06-04,ABB,1691.95,1698.95,1640,1645.95,1650.5
2021-06-07,ABB,1659,1698,1637,1685,1685.65
2021-06-08,ABB,1687.05,1697.6,1661.1,1682,1680.25
2021-06-09,ABB,1692.15,1721,1665,1684.9,1674.85
2021-06-10,ABB,1680,1690,1660,1676.65,1671.35
2021-06-11,ABB,1684.1,1750.05,1645,1650,1648.55
2021-06-14,ABB,1659,1672.3,1601,1660,1660.6
2021-06-15,ABB,1660.6,1698,1660.55,1690,1693.95
2021-06-16,ABB,1699,1728,1673.75,1720,1720.3
2021-06-17,ABB,1725.25,1776.7,1692.3,1721.5,1716.5
2021-06-18,ABB,1730,1753,1656.95,1744,1743.45
2021-06-21,ABB,1700,1738,1695.05,1724,1719.4
2021-06-22,ABB,1728,1767.65,1728,1740,1739.25
2021-06-23,ABB,1752,1851.1,1738.25,1809.9,1806.55
2021-06-24,ABB,1828,1830,1800,1810,1809.45
2021-06-25,ABB,1823.6,1839.9,1794.05,1829.05,1824.05
2021-06-28,ABB,1839.05,1857,1792.15,1800,1809.8
2021-06-29,ABB,1804.95,1815.5,1771,1786.25,1788.85
2021-06-30,ABB,1801,1857,1801,1810,1808.2
2021-07-01,ABB,1816,1826.95,1778.8,1796.35,1793.7
2021-07-02,ABB,1810,1830,1766.65,1780.55,1787.15
2021-07-05,ABB,1794.9,1801,1761,1771.05,1773.75
2021-07-06,ABB,1771.05,1784.25,1746.05,1750,1757.75
2021-07-07,ABB,1753,1757.7,1730.2,1740,1742.1
2021-07-08,ABB,1742.1,1750.5,1695.1,1710,1703.25
2021-07-09,ABB,1711.2,1725,1683.5,1705.6,1713.45
2021-07-12,ABB,1718.45,1736,1701.45,1721.05,1725.95
2021-07-13,ABB,1730,1804,1715.55,1803,1787.05
2021-07-14,ABB,1804,1840,1785.55,1797.3,1805.5
2021-07-15,ABB,1806.5,1818.5,1770,1778.5,1779.05
2021-07-16,ABB,1779,1784,1751.45,1761,1763.2
2020-01-01,Reliance,1518,1527.1,1505.5,1511.8,1509.6
2020-01-02,Reliance,1512,1540.95,1512,1534.1,1535.3
2020-01-03,Reliance,1533,1541.65,1523,1536,1537.15
2020-01-06,Reliance,1520,1527.9,1498,1499.9,1501.5
2020-01-07,Reliance,1519,1534.5,1513.5,1526.95,1524.6
2020-01-08,Reliance,1515,1534.45,1510,1514,1513.15
2020-01-09,Reliance,1538.6,1550,1531.25,1549.5,1548
2020-01-10,Reliance,1551.9,1557.95,1539.65,1546.85,1547.65
2020-01-13,Reliance,1545.05,1558.7,1538.4,1539.85,1543.7
2020-01-14,Reliance,1540,1550,1521.85,1529.1,1529.4
2020-01-15,Reliance,1535.85,1539.9,1518.25,1524.1,1523.85
2020-01-16,Reliance,1529,1543.35,1528,1538.7,1537.9
2020-01-17,Reliance,1553.5,1584.95,1553.2,1581,1581
2020-01-20,Reliance,1609,1609,1526.4,1532.2,1532.35
2020-01-21,Reliance,1528.6,1545.85,1522,1535,1533.9
2020-01-22,Reliance,1544,1546.75,1531.1,1535.25,1533.35
2020-01-23,Reliance,1536.5,1541.95,1520.7,1529.6,1526.85
2020-01-24,Reliance,1527,1536.35,1518.55,1524.05,1521.55
2020-01-27,Reliance,1514.9,1524.45,1505,1508,1506.55
2020-01-28,Reliance,1508.6,1510,1463.6,1473.5,1471.75
2020-01-29,Reliance,1474.05,1494.4,1464.05,1480,1479.85
2020-01-30,Reliance,1479,1479.7,1440,1443,1443.75
2020-01-31,Reliance,1453,1453.25,1407.2,1410,1411.65
2020-02-01,Reliance,1405.3,1426.95,1371.1,1372,1383.35
2020-02-03,Reliance,1369.9,1399.95,1363.05,1386,1385.5
2020-02-04,Reliance,1400,1432.5,1397.8,1427.5,1426.4
2020-02-05,Reliance,1434.9,1452.8,1430.3,1446.3,1448.5
2020-02-06,Reliance,1454.1,1467,1440.1,1455,1457.8
2020-02-07,Reliance,1451,1452.35,1428.3,1432,1433.65
2020-02-10,Reliance,1428,1445.5,1410.45,1442.2,1435.6
2020-02-11,Reliance,1447.4,1466.2,1445.05,1454.5,1452.75
2020-02-12,Reliance,1456.15,1474.85,1455,1473.15,1470.3
2020-02-13,Reliance,1477.75,1477.75,1462.6,1470.45,1474.15
2020-02-14,Reliance,1477.25,1501.45,1453.1,1485.85,1487.6
2020-02-17,Reliance,1489,1506.15,1474.3,1478.5,1478.25
2020-02-18,Reliance,1475.9,1475.9,1457.4,1466.9,1467.4
2020-02-19,Reliance,1479.35,1506.45,1475.1,1504.5,1503.8
2020-02-20,Reliance,1497,1508,1483.8,1487,1485.95
2020-02-24,Reliance,1469.75,1477,1439.55,1447.1,1444.95
2020-02-25,Reliance,1451.4,1451.4,1410,1420,1416.4
2020-02-26,Reliance,1410,1412.35,1387.35,1389.5,1392
2020-02-27,Reliance,1388,1393.8,1369,1380.45,1386.25
2020-02-28,Reliance,1354.9,1357,1325,1327,1328.65
2020-03-02,Reliance,1355.1,1369,1301.1,1322,1316.15
2020-03-03,Reliance,1329.7,1353.9,1322,1346.35,1342.85
2020-03-04,Reliance,1352,1353.8,1307.9,1349,1339.7
2020-03-05,Reliance,1352.2,1357.95,1306,1309.9,1311.15
2020-03-06,Reliance,1270,1288.15,1241.1,1269.85,1271
2020-03-09,Reliance,1240.05,1241,1095,1104.5,1114.15
2020-03-11,Reliance,1108,1178.45,1108,1152,1153.55
2020-03-12,Reliance,1085,1101,1048.7,1059,1063
2020-03-13,Reliance,998,1140,942.4,1116.95,1105.3
2020-03-16,Reliance,1060.55,1079.7,1005,1012.2,1015.7
2020-03-17,Reliance,1047.25,1060,1003.2,1011.5,1008
2020-03-18,Reliance,1025.3,1035.9,961,976.45,968.5
2020-03-19,Reliance,920.1,967,892.2,917.7,917.7
2020-03-20,Reliance,939.5,1034.9,930,1028,1017.95
2020-03-23,Reliance,916.2,950,875.65,891,884.05
2020-03-24,Reliance,930,970,895.8,946,943.4
2020-03-25,Reliance,963.8,1151.55,963.25,1074,1082.25
2020-03-26,Reliance,1095.8,1116.9,1042.35,1069,1066.2
2020-03-27,Reliance,1095,1107.3,1046.2,1067.95,1065.6
2020-03-30,Reliance,1040.6,1074.8,1020,1031.5,1030.45
2020-03-31,Reliance,1073.95,1129.8,1048,1100,1113.75
2020-04-01,Reliance,1122.25,1124.6,1045.2,1084,1080.45
2020-04-03,Reliance,1134.45,1134.45,1056.3,1088,1077.45
2020-04-07,Reliance,1102.1,1214,1100,1211,1206.1
2020-04-08,Reliance,1180,1229,1160,1197,1192.15
2020-04-09,Reliance,1214,1232.8,1193,1217.75,1219.95
2020-04-13,Reliance,1203.95,1215,1180,1192.5,1189.15
2020-04-15,Reliance,1197.05,1236,1143,1157.5,1149.85
2020-04-16,Reliance,1149.85,1187.45,1145,1170,1168.05
2020-04-17,Reliance,1216,1230,1192.65,1229.9,1224
2020-04-20,Reliance,1226,1257,1202,1248.1,1243.8
2020-04-21,Reliance,1210,1252,1164,1251.5,1237.35
2020-04-22,Reliance,1320,1384.9,1300,1359,1363.6
2020-04-23,Reliance,1367.35,1385.85,1353.3,1370.15,1370.9
2020-04-24,Reliance,1350.15,1494.95,1347.2,1425.8,1417
2020-04-27,Reliance,1434,1475,1423,1431,1429.75
2020-04-28,Reliance,1450,1455.45,1392.15,1430,1428.15
2020-04-29,Reliance,1444.9,1453.65,1420,1427,1426.95
2020-04-30,Reliance,1453.95,1494.95,1438.05,1464,1466
2020-05-04,Reliance,1440,1465,1417.45,1435,1435.2
2020-05-05,Reliance,1453.7,1479,1447.2,1462.65,1460.65
2020-05-06,Reliance,1464,1484.95,1445.5,1461.5,1460.75
2020-05-07,Reliance,1455,1513.65,1445,1512,1506.95
2020-05-08,Reliance,1545,1579.9,1537.1,1559.45,1561.8
2020-05-11,Reliance,1580,1615,1572.3,1575,1576.8
2020-05-12,Reliance,1564.8,1568.35,1465,1486.45,1479.25
2020-05-13,Reliance,1527,1527,1454,1492.5,1496.45
2020-05-14,Reliance,1469,1496.7,1430.05,1437,1435.95
2020-05-15,Reliance,1444,1466.7,1415.1,1453.2,1459.4
2020-05-18,Reliance,1470,1482,1428,1442.55,1440.75
2020-05-19,Reliance,1457,1461.7,1403.25,1409.1,1408.9
2020-05-20,Reliance,1410,1446.85,1393,1437.4,1433.7
2020-05-21,Reliance,1435,1461.45,1425,1440,1441.25
2020-05-22,Reliance,1451.8,1458,1426.5,1433,1431.55
2020-05-26,Reliance,1448.15,1449.7,1416.3,1426,1424.05
2020-05-27,Reliance,1431,1454,1412,1449.85,1445.55
2020-05-28,Reliance,1455,1479.75,1449,1471.05,1472.25
2020-05-29,Reliance,1468,1472,1452.65,1470,1464.4
2020-06-01,Reliance,1480,1538.35,1475.95,1521.9,1520.35
2020-06-02,Reliance,1526,1540,1520.8,1537.95,1535.7
2020-06-03,Reliance,1545,1560,1533.35,1543,1541.65
2020-06-04,Reliance,1544,1589.5,1541,1576,1579.8
2020-06-05,Reliance,1595,1618,1573.7,1579.2,1581.7
2020-06-08,Reliance,1618.4,1618.4,1565,1571.8,1569.5
2020-06-09,Reliance,1560.3,1583,1533,1535.9,1537.15
2020-06-10,Reliance,1543.1,1579.55,1540.05,1575,1572.15
2020-06-11,Reliance,1566,1567.95,1531,1538.8,1537.7
2020-06-12,Reliance,1500,1593,1497,1588.7,1588.8
2020-06-15,Reliance,1565,1626.95,1561.1,1612.3,1614.55
2020-06-16,Reliance,1643,1648.55,1585.3,1614.05,1617.7
2020-06-17,Reliance,1608.25,1635.45,1602.1,1611.85,1615.35
2020-06-18,Reliance,1607,1665,1605.6,1662.9,1655.9
2020-06-19,Reliance,1670,1788.8,1662,1763.2,1759.4
2020-06-22,Reliance,1773.4,1804.2,1735,1752.5,1746.15
2020-06-23,Reliance,1750,1763.75,1716.1,1721.7,1720.9
2020-06-24,Reliance,1735.9,1772.7,1711.7,1732.5,1727.85
2020-06-25,Reliance,1727,1749,1713.05,1719,1717.9
2020-06-26,Reliance,1728.8,1752,1717,1750,1741.65
2020-06-29,Reliance,1728.05,1739.75,1715.55,1722.7,1723.15
2020-07-01,Reliance,1720,1749,1708.05,1736.25,1737.6
2020-07-02,Reliance,1743,1767.6,1735.05,1759.5,1760.35
2020-07-03,Reliance,1779.8,1793,1768,1788,1787.9
2020-07-06,Reliance,1805,1858,1792.1,1855,1851.8
2020-07-07,Reliance,1860,1864.35,1806.3,1822.15,1823.45
2020-07-08,Reliance,1824.05,1834.95,1790,1795.4,1798
2020-07-09,Reliance,1809,1835,1786.25,1826.75,1824.25
2020-07-10,Reliance,1828.5,1884.6,1824.25,1880.2,1878.05
2020-07-13,Reliance,1903.35,1947.7,1900,1938.7,1935
2020-07-14,Reliance,1934,1941.7,1887.3,1915,1917
2020-07-15,Reliance,1937.95,1978.8,1798,1842.35,1844
2020-07-16,Reliance,1847,1869,1812.45,1842.05,1843.4
2020-07-17,Reliance,1845,1920,1838,1916,1911.7
2020-07-20,Reliance,1917.8,1932,1899.65,1921.95,1919.9
2020-07-21,Reliance,1939,1977,1936.5,1973.5,1971.55
2020-07-22,Reliance,1983,2010,1960.7,2004,2004
2020-07-23,Reliance,2003.95,2079.7,1991.35,2076,2057.8
2020-07-24,Reliance,2058,2163,2057.8,2148.4,2146.15
2020-07-27,Reliance,2178.8,2198.8,2127.9,2154.95,2156.2
2020-07-28,Reliance,2156.2,2194,2150.65,2177,2177.7
2020-07-29,Reliance,2177.9,2182.8,2070.45,2092,2096.65
2020-07-30,Reliance,2099,2139.7,2072,2101.9,2108.85
2020-07-31,Reliance,2114.5,2129,2052.8,2070,2067.1
2020-08-03,Reliance,2051.3,2057,2003.1,2007.65,2009
2020-08-04,Reliance,2020.6,2167,2000.25,2158.4,2150.6
2020-08-05,Reliance,2169,2196,2118.3,2132.1,2126.45
2020-08-06,Reliance,2157,2167.7,2107.8,2136.55,2134.1
2020-08-07,Reliance,2129.8,2157.8,2120.2,2146,2146.45
2020-08-10,Reliance,2159.1,2165,2108.1,2121.6,2119.85
2020-08-11,Reliance,2134.8,2160,2100.35,2132.85,2133.8
2020-08-12,Reliance,2121,2145,2106.8,2126.55,2127.6
2020-08-13,Reliance,2128,2138.9,2110,2125.8,2122.05
2020-08-14,Reliance,2122.55,2157,2089.25,2112,2113.8
2020-08-17,Reliance,2105,2105,2070.1,2094.05,2091.35
2020-08-18,Reliance,2085,2134.3,2082.35,2120.2,2118.55
2020-08-19,Reliance,2141,2154,2121.35,2137,2131.55
2020-08-20,Reliance,2120,2123.9,2088,2098.6,2097.05
2020-08-21,Reliance,2118,2122,2077,2084.75,2081.85
2020-08-24,Reliance,2091.4,2104.5,2070.5,2099.95,2095.75
2020-08-25,Reliance,2106,2111.3,2078,2082,2082.1
2020-08-26,Reliance,2085,2147.95,2047,2133.7,2137.3
2020-08-27,Reliance,2148,2150,2103.25,2108.1,2110.6
2020-08-28,Reliance,2120,2132.9,2106.25,2116,2116.15
2020-08-31,Reliance,2174,2174,2060.35,2070,2080.7
2020-09-01,Reliance,2100,2122.4,2062.4,2092,2087.25
2020-09-02,Reliance,2092,2138,2085,2128.55,2128.2
2020-09-03,Reliance,2128,2138.75,2103,2114,2112.1
2020-09-04,Reliance,2083.55,2096.95,2072.2,2080,2077.25
2020-09-07,Reliance,2084,2105.75,2044.25,2099.6,2082.65
2020-09-08,Reliance,2092,2121,2080.5,2103.1,2107.1
2020-09-09,Reliance,2085,2167.8,2081.45,2163.55,2161.35
2020-09-10,Reliance,2183.1,2344.95,2175.35,2319,2314
2020-09-11,Reliance,2312,2337.85,2287.1,2315,2319.75
2020-09-14,Reliance,2325,2360,2282,2296.25,2302.55
2020-09-15,Reliance,2311.95,2325.75,2288.15,2324,2318.85
2020-09-16,Reliance,2320,2369.35,2310.55,2324.9,2324.55
2020-09-17,Reliance,2320,2333.7,2291.85,2296,2298.75
2020-09-18,Reliance,2314.25,2319.45,2276.55,2303.6,2305.7
2020-09-21,Reliance,2300,2336,2247.35,2250,2255.85
2020-09-22,Reliance,2277,2277,2201.55,2220.05,2211.15
2020-09-23,Reliance,2260,2276.75,2205.3,2228,2230.8
2020-09-24,Reliance,2207.9,2226,2176.05,2195,2181.2
2020-09-25,Reliance,2189,2212.8,2167.3,2198.85,2201.7
2020-09-28,Reliance,2227,2238,2207.05,2218,2216.25
2020-09-29,Reliance,2225,2264,2216.25,2241.9,2245.05
2020-09-30,Reliance,2260,2267,2225,2231,2234.35
2020-10-01,Reliance,2263.8,2263.8,2214,2229.05,2225.25
2020-10-05,Reliance,2244,2249.15,2206,2215,2212.2
2020-10-06,Reliance,2225.25,2233.9,2201.65,2213,2210.35
2020-10-07,Reliance,2235,2309,2220,2259.4,2257.5
2020-10-08,Reliance,2259,2268,2222.1,2241.5,2239.25
2020-10-09,Reliance,2235,2253,2217.1,2239,2233.45
2020-10-12,Reliance,2235,2255.75,2226.25,2236,2237.05
2020-10-13,Reliance,2230.6,2285.75,2225.85,2279,2280.7
2020-10-14,Reliance,2278.9,2304,2268.5,2283,2287.5
2020-10-15,Reliance,2290,2290,2195,2203.25,2206.5
2020-10-16,Reliance,2215,2232.5,2172.65,2178,2175.8
2020-10-19,Reliance,2190.05,2228.7,2155.15,2175.5,2176.2
2020-10-20,Reliance,2179,2193,2152.25,2155.85,2155.9
2020-10-21,Reliance,2168,2192,2097.75,2122.65,2124.6
2020-10-22,Reliance,2127.4,2132.5,2091,2111.9,2106.95
2020-10-23,Reliance,2106,2135,2096.4,2112,2113.05
2020-10-26,Reliance,2101.95,2101.95,2018.5,2034.9,2029.1
2020-10-27,Reliance,2034.9,2059.85,2005,2034.4,2034.5
2020-10-28,Reliance,2041.8,2057.7,2007.4,2008.9,2011.45
2020-10-29,Reliance,1997,2042,1991,2029.05,2026.9
2020-10-30,Reliance,2033.5,2065.1,2021.8,2064.35,2054.5
2020-11-02,Reliance,2027,2027,1859.15,1876,1877.45
2020-11-03,Reliance,1890,1909,1835.1,1854.5,1850.4
2020-11-04,Reliance,1837,1929,1837,1910.5,1913.2
2020-11-05,Reliance,1954.95,1960.95,1932,1956.8,1955
2020-11-06,Reliance,1990,2040,1978.15,2025,2029.15
2020-11-09,Reliance,2062.1,2069,2036,2051,2050.7
2020-11-10,Reliance,2077,2090,2041.2,2089,2084.55
2020-11-11,Reliance,2089,2095,1978.1,1999.8,1997.2
2020-11-12,Reliance,1981,2008.45,1965,1981.75,1980
2020-11-13,Reliance,1982,2036.65,1981.75,2000.05,1996.4
2020-11-14,Reliance,2014.9,2015.3,1995.35,2001.55,2002.3
2020-11-17,Reliance,2085,2085,1985,1994.8,1993.25
2020-11-18,Reliance,1993.25,2006.5,1960.1,1991.2,1987.2
2020-11-19,Reliance,1987.2,2010.45,1968.2,1972,1973.15
2020-11-20,Reliance,1975,1983.8,1895,1901,1899.5
2020-11-23,Reliance,1951,1970,1926.25,1955.2,1950.7
2020-11-24,Reliance,1964,1974,1932,1971.05,1964.05
2020-11-25,Reliance,1980,1992.95,1942.2,1947.5,1947.8
2020-11-26,Reliance,1953.05,1965,1930.05,1957,1952.6
2020-11-27,Reliance,1940.5,1956.1,1921.4,1940.5,1929.8
2020-12-01,Reliance,1940.35,1966.25,1930.05,1954.1,1954.9
2020-12-02,Reliance,1958.5,1962,1935,1959,1958.15
2020-12-03,Reliance,1972,1981.1,1958.65,1960.8,1964.05
2020-12-04,Reliance,1969,1969,1940,1947.7,1946.75
2020-12-07,Reliance,1940.6,1965,1940.6,1958.35,1958.2
2020-12-08,Reliance,1961.15,2014.25,1950,1992.45,1993.75
2020-12-09,Reliance,2009.95,2033.8,1999.25,2026,2026.95
2020-12-10,Reliance,2021.6,2028.5,2001,2008,2007
2020-12-11,Reliance,2013,2038,1974.25,1999.4,2005.8
2020-12-14,Reliance,2007.95,2015,1986.35,1993.5,1991.3
2020-12-15,Reliance,1989.7,1989.7,1961.1,1973.6,1974.35
2020-12-16,Reliance,1988,1994.95,1965.7,1977.55,1976.55
2020-12-17,Reliance,1984.5,2005,1977.15,1985.5,1985.6
2020-12-18,Reliance,1980.1,2004.9,1965,1998.1,1991.55
2020-12-21,Reliance,2010,2022,1855.25,1935,1939.7
2020-12-22,Reliance,1949,1958.9,1888.45,1935,1936.7
2020-12-23,Reliance,1930,1951.45,1920.65,1947,1943.85
2020-12-24,Reliance,1947,1998.8,1945.9,1992.95,1994.15
2020-12-28,Reliance,2006.7,2018,1995.3,2002,2003.3
2020-12-29,Reliance,2009,2012.3,1982.55,1987,1990.05
2020-12-30,Reliance,1995.25,2007.2,1975.55,1994.35,1995.5
2020-12-31,Reliance,1993.5,2011.9,1978.6,1981.8,1985.3
2021-01-01,Reliance,1988,1997,1982,1988,1987.5
2021-01-04,Reliance,1995.1,1998.9,1968,1990.25,1990.85
2021-01-05,Reliance,1969,1983.6,1956,1965,1966.1
2021-01-06,Reliance,1965.9,1966,1905.15,1915.5,1914.25
2021-01-07,Reliance,1920.5,1945,1905.15,1912.8,1911.15
2021-01-08,Reliance,1918,1938.4,1912.1,1934,1933.7
2021-01-11,Reliance,1938.8,1938.8,1892.5,1899,1897.25
2021-01-12,Reliance,1903,1960,1899.9,1955.5,1957.05
2021-01-13,Reliance,1963.55,1974.95,1918.45,1936,1938.8
2021-01-14,Reliance,1945,1966.9,1939.05,1958.1,1960.6
2021-01-15,Reliance,1960.6,1973.8,1920.05,1937.9,1937.45
2021-01-18,Reliance,1949.1,1997,1923.35,1972.8,1983.95
2021-01-19,Reliance,1994.65,2031,1994.65,2015,2016.4
2021-01-20,Reliance,2021.4,2058,2001.4,2053,2054.7
2021-01-21,Reliance,2082,2120,2075,2107,2099.4
2021-01-22,Reliance,2111,2115.35,2035.15,2047.95,2049.6
2021-01-25,Reliance,2034.95,2034.95,1932,1935.15,1941
2021-01-27,Reliance,1925,1925,1888,1890,1895
2021-01-28,Reliance,1880.15,1923.3,1870,1876.35,1876.55
2021-01-29,Reliance,1894.3,1913.1,1830,1844.95,1841.95
2021-02-01,Reliance,1859.4,1905,1848,1898.15,1895.3
2021-02-02,Reliance,1914.25,1940,1854.95,1936,1925.8
2021-02-03,Reliance,1928.3,1952,1900,1928.5,1930.65
2021-02-04,Reliance,1924,1940,1905,1921.5,1924.3
2021-02-05,Reliance,1930.05,1944.65,1920,1924.3,1923.75
2021-02-08,Reliance,1933.05,1969,1929.05,1951.4,1951.45
2021-02-09,Reliance,1961.95,1989.6,1952.3,1954.5,1956.15
2021-02-10,Reliance,1953.75,1984.75,1927.3,1980.35,1974.3
2021-02-11,Reliance,1980,2064.2,1972.25,2061.8,2055.7
2021-02-12,Reliance,2055.5,2078,2015.4,2040,2041.6
2021-02-15,Reliance,2048.05,2061.3,2025,2034,2032.6
2021-02-16,Reliance,2039.75,2079.4,2035,2058.5,2059.5
2021-02-17,Reliance,2060,2095.95,2050.6,2079.2,2083.25
2021-02-18,Reliance,2085,2108.4,2059.1,2063.5,2067.7
2021-02-19,Reliance,2057,2104.95,2053.3,2080,2080.3
2021-02-22,Reliance,2080,2089.9,1994.95,1999.1,2008.1
2021-02-23,Reliance,2048,2052.9,2013.6,2026.15,2023.45
2021-02-24,Reliance,2030,2065.25,2026.15,2060.55,2061
2021-02-25,Reliance,2076,2152,2073,2147,2144.35
2021-02-26,Reliance,2117,2133.9,2070.7,2079.5,2085.8
2021-03-01,Reliance,2110.2,2112,2062.5,2103,2101.7
2021-03-02,Reliance,2122,2130,2089.1,2108,2106
2021-03-03,Reliance,2121.05,2219.9,2107.2,2207.1,2202.1
2021-03-04,Reliance,2180,2189.95,2157.7,2174,2175.85
2021-03-05,Reliance,2156,2211.95,2153.05,2174.55,2178.7
2021-03-08,Reliance,2168.5,2231.9,2168,2193,2191.1
2021-03-09,Reliance,2200,2213.8,2146.6,2190.55,2191.05
2021-03-10,Reliance,2207,2215.1,2170.25,2179.4,2181.95
2021-03-12,Reliance,2195,2206.4,2123.9,2136.9,2137.6
2021-03-15,Reliance,2140.05,2148.9,2080.5,2105,2108.9
2021-03-16,Reliance,2114,2126,2095.5,2100.75,2100.6
2021-03-17,Reliance,2098.05,2103,2035.1,2054.5,2055.35
2021-03-18,Reliance,2072.9,2084.8,2001,2010,2009.1
2021-03-19,Reliance,1991,2095.85,1982.8,2078.1,2082
2021-03-22,Reliance,2071,2074,2033.2,2061,2062.4
2021-03-23,Reliance,2061.95,2109.7,2056,2079.9,2087.5
2021-03-24,Reliance,2079.75,2079.75,2040.4,2048.55,2047.3
2021-03-25,Reliance,2054,2054,1985,1993.95,1991.45
2021-03-26,Reliance,2012,2013.7,1973.7,1994,1994.65
2021-03-30,Reliance,2008,2048.9,1991.55,2031.9,2029.3
2021-03-31,Reliance,2018,2049.9,1999,2005.65,2003.1
2021-04-01,Reliance,2018,2030,2003.15,2020,2021.85
2021-04-05,Reliance,2024.95,2025,1962.1,1992,1992.6
2021-04-06,Reliance,2004,2004.95,1969,1986.2,1984.3
2021-04-07,Reliance,2000,2046.9,1993.3,2001.55,2002.85
2021-04-08,Reliance,2011,2022,1993,2006.4,2005.35
2021-04-09,Reliance,1998.45,2006.35,1980,1983.45,1982.05
2021-04-12,Reliance,1959,1961.4,1900.25,1915.65,1911.15
2021-04-13,Reliance,1924,1940.6,1917.85,1932.3,1931.8
2021-04-15,Reliance,1926.3,1961,1913,1943,1944.3
2021-04-16,Reliance,1936.6,1949.9,1926.45,1929,1932.1
2021-04-19,Reliance,1904,1916.4,1890,1903.05,1901.7
2021-04-20,Reliance,1910.5,1919,1890.45,1905,1901.15
2021-04-22,Reliance,1892.25,1914.45,1876.7,1905.1,1906.4
2021-04-23,Reliance,1906,1918.9,1895.35,1903.35,1904.35
2021-04-26,Reliance,1920,1962,1911.5,1938,1937.85
2021-04-27,Reliance,1940,1997.2,1938.25,1990,1988.65
2021-04-28,Reliance,1997.85,2008,1980.15,1993.15,1997.3
2021-04-29,Reliance,2022.9,2044.5,2007.3,2020,2024.05
2021-04-30,Reliance,2008.5,2036,1987.55,1995.9,1994.5
2021-05-03,Reliance,1966,1979,1943.1,1956,1959.05
2021-05-04,Reliance,1950,1967.8,1911,1918,1916.6
2021-05-05,Reliance,1923.35,1938.5,1908.05,1921.5,1920.1
2021-05-06,Reliance,1921.85,1935,1906.6,1932,1931
2021-05-07,Reliance,1937.75,1955.65,1926,1926.8,1931.75
2021-05-10,Reliance,1939,1946.8,1920.95,1927.1,1926.2
2021-05-11,Reliance,1915,1938.55,1910,1933.9,1933.15
2021-05-12,Reliance,1930.1,1932.9,1907,1913.05,1913.15
2021-05-14,Reliance,1928.05,1942,1906,1937,1937.3
2021-05-17,Reliance,1937.3,1963.45,1930.4,1958.85,1960.35
2021-05-18,Reliance,1981,2002.6,1972.5,1986,1987.95
2021-05-19,Reliance,1980,2016.45,1972,1993,1997.05
2021-05-20,Reliance,1997.9,2010.9,1981,1982,1985.4
2021-05-21,Reliance,1992,2009.6,1986,1999.6,2002.55
2021-05-24,Reliance,2008,2009.8,1982,1985.05,1985.65
2021-05-25,Reliance,1996.4,1997,1960,1964,1963.15
2021-05-26,Reliance,1975,1979.5,1965.3,1967,1970.05
2021-05-27,Reliance,1970.3,1993,1962.25,1990,1976.1
2021-05-28,Reliance,1990,2105,1990,2094.45,2094.8
2021-05-31,Reliance,2102,2191.7,2085.05,2153.5,2160.3
2021-06-01,Reliance,2166,2202,2146.5,2164.3,2168.9
2021-06-02,Reliance,2157,2209.5,2157,2207,2201.25
2021-06-03,Reliance,2221,2250,2196.1,2208,2209.65
2021-06-04,Reliance,2214.8,2216.45,2184.25,2186.9,2190.5
2021-06-07,Reliance,2202,2242,2185,2225.05,2227.4
2021-06-08,Reliance,2226.6,2227.15,2198.15,2211.5,2214.6
2021-06-09,Reliance,2219,2221,2157.95,2178,2175
2021-06-10,Reliance,2193.4,2230,2177.55,2184.8,2183
2021-06-11,Reliance,2182.9,2228,2180.1,2215.8,2213.15
2021-06-14,Reliance,2215,2258.25,2195.05,2245,2244.9
2021-06-15,Reliance,2261,2274.9,2240.3,2244,2250
2021-06-16,Reliance,2244.9,2247.05,2205.85,2209.55,2211.6
2021-06-17,Reliance,2200,2235,2179.9,2214.15,2215.65
2021-06-18,Reliance,2225.5,2235,2184.35,2224.15,2225.65
2021-06-21,Reliance,2203.5,2247.5,2200.15,2238.95,2237.25
2021-06-22,Reliance,2254,2261,2219.35,2225,2225.75
2021-06-23,Reliance,2250,2250.6,2201.7,2208.15,2205.35
2021-06-24,Reliance,2206.85,2214.6,2140,2147.8,2153.5
2021-06-25,Reliance,2153.5,2153.5,2081.1,2104.5,2104.45
2021-06-28,Reliance,2122,2126.5,2081,2089,2086
2021-06-29,Reliance,2089.5,2109,2084.1,2090,2087.8
2021-06-30,Reliance,2096.25,2122.65,2091.05,2112,2110.65
2021-07-01,Reliance,2118,2123.15,2095,2101.5,2097.95
2021-07-02,Reliance,2097,2132.9,2092.95,2131.55,2129.05
2021-07-05,Reliance,2136.45,2153.55,2131.5,2150,2150.2
2021-07-06,Reliance,2144.95,2148.9,2120.2,2127.85,2124.8
2021-07-07,Reliance,2127.75,2127.75,2098,2112,2110.05
2021-07-08,Reliance,2116.95,2116.95,2081,2091,2092.6
2021-07-09,Reliance,2088,2091.7,2066.1,2071.95,2071.2
2021-07-12,Reliance,2079.75,2101.5,2074.5,2081.95,2084.1
2021-07-13,Reliance,2100,2103.05,2088.05,2099,2099.7
2021-07-14,Reliance,2100.35,2106.85,2081.25,2083.55,2086
2021-07-15,Reliance,2095,2095,2078.5,2080.75,2082.35
2021-07-16,Reliance,2087.75,2114.75,2087.6,2110,2112.4
2020-10-12,Mazdock,214.9,216.95,171.95,171.95,171.95
2020-10-13,Mazdock,172,184.7,164,181,181.45
2020-10-14,Mazdock,180.45,187.4,178.1,181.5,182.25
2020-10-15,Mazdock,181.95,182.75,171,172.4,171.85
2020-10-16,Mazdock,173.75,175.45,165,168.3,168.05
2020-10-19,Mazdock,170.75,172.85,167.5,168.25,168.3
2020-10-20,Mazdock,167.7,169.8,165.4,165.65,166.05
2020-10-21,Mazdock,166.9,177.7,166.45,172,171.65
2020-10-22,Mazdock,172.3,174.9,167.7,170.4,170.65
2020-10-23,Mazdock,174.15,179,172.4,174.7,175.4
2020-10-26,Mazdock,175.95,175.95,170,170.75,170.8
2020-10-27,Mazdock,170.9,171.55,167.45,168.7,168.85
2020-10-28,Mazdock,169.95,171.2,167,167.15,167.25
2020-10-29,Mazdock,167.15,169,166.2,167.25,167
2020-10-30,Mazdock,167.5,169.7,165,166.3,166.75
2020-11-02,Mazdock,166.75,172.5,165.3,168.55,168.35
2020-11-03,Mazdock,169.2,169.95,166.05,166.25,166.6
2020-11-04,Mazdock,166.5,167.9,165.1,165.95,165.8
2020-11-05,Mazdock,166.75,172.2,166.45,169.45,169.25
2020-11-06,Mazdock,169.55,174,169,169.65,170.05
2020-11-09,Mazdock,172,181.95,171.4,178.15,179.45
2020-11-10,Mazdock,179.25,179.25,170.75,172.45,172.4
2020-11-11,Mazdock,173,176.35,172,174,174.45
2020-11-12,Mazdock,174.6,178,172.5,176.95,176.05
2020-11-13,Mazdock,179.4,184.5,177.5,183.25,183.15
2020-11-14,Mazdock,184.9,190.8,184,190,188.25
2020-11-17,Mazdock,191.4,192.8,181.25,184.05,183.9
2020-11-18,Mazdock,184,186.5,183,183.2,183.4
2020-11-19,Mazdock,183.2,187,181.6,184.05,184.55
2020-11-20,Mazdock,185.75,188.8,183.8,184.4,184.45
2020-11-23,Mazdock,185,185.95,180.75,181.9,182.2
2020-11-24,Mazdock,182.75,185.5,180.9,181.35,181.4
2020-11-25,Mazdock,182.8,183.35,179.2,180.4,179.8
2020-11-26,Mazdock,180.45,181.45,178.35,179.5,179.25
2020-11-27,Mazdock,179.75,182.65,178.1,178.7,179
2020-12-01,Mazdock,180.45,183.5,180.35,182.25,182
2020-12-02,Mazdock,182.8,183,180,181.05,180.9
2020-12-03,Mazdock,181.8,187.75,181.7,184.9,184.75
2020-12-04,Mazdock,185,185.85,181.9,182.4,182.4
2020-12-07,Mazdock,182.8,194.2,182.7,191.9,191.35
2020-12-08,Mazdock,192.5,195.3,187.1,188.5,188.7
2020-12-09,Mazdock,191.55,198.9,189.8,196.05,195.9
2020-12-10,Mazdock,195.45,196.75,190,192.25,191.8
2020-12-11,Mazdock,192.5,194.6,188,188.35,188.75
2020-12-14,Mazdock,189.35,195.3,189.05,194.65,194.15
2020-12-15,Mazdock,194,194,190,190.65,191.05
2020-12-16,Mazdock,191.75,227.9,191.5,219.05,220.3
2020-12-17,Mazdock,218.05,223.9,205,207.25,207.35
2020-12-18,Mazdock,208.8,225.7,202.5,221.7,221.95
2020-12-21,Mazdock,221,224.75,196,203,204.65
2020-12-22,Mazdock,205.05,211.7,196.05,208.9,209
2020-12-23,Mazdock,209.75,218,209,213.8,214.6
2020-12-24,Mazdock,215.75,218.2,210.15,212.8,212.4
2020-12-28,Mazdock,214.35,217.9,213.05,216,215.8
2020-12-29,Mazdock,217.8,217.8,211.2,212.5,212.55
2020-12-30,Mazdock,214,225.7,210.8,221.35,221.15
2020-12-31,Mazdock,220.9,223.95,217.4,218.1,218.45
2021-01-01,Mazdock,218.95,234.85,218.2,226.85,227.65
2021-01-04,Mazdock,229,231.7,224,227,227.3
2021-01-05,Mazdock,227,230.95,223.6,225.15,225.35
2021-01-06,Mazdock,226.5,227.05,216,219.1,219.3
2021-01-07,Mazdock,221.15,224.55,218.65,220,220.3
2021-01-08,Mazdock,222.6,227,220.1,221.4,221.7
2021-01-11,Mazdock,223,223.7,217.65,219,218.7
2021-01-12,Mazdock,217.95,223.9,217,218.85,219
2021-01-13,Mazdock,219.7,222.3,215,217.05,217.25
2021-01-14,Mazdock,218.35,224.85,215.1,220.5,219.95
2021-01-15,Mazdock,220.05,221.85,216,216.95,217.25
2021-01-18,Mazdock,217.05,217.3,211,211.7,212.05
2021-01-19,Mazdock,213.5,216.9,213,214.5,214.65
2021-01-20,Mazdock,214.65,219.35,212.85,217.4,216.7
2021-01-21,Mazdock,217.75,218.8,207.2,212,209.95
2021-01-22,Mazdock,211.8,214.45,208.5,209.35,209.65
2021-01-25,Mazdock,211.6,212.7,204.75,210.8,208.55
2021-01-27,Mazdock,209.75,212,200.9,201.85,204.2
2021-01-28,Mazdock,200.95,208.95,200.95,207.65,206.6
2021-01-29,Mazdock,209.5,216.75,208.35,212.85,210.85
2021-02-01,Mazdock,213.9,219,209.4,217.9,216.8
2021-02-02,Mazdock,218.65,219.45,215.1,215.7,215.7
2021-02-03,Mazdock,216.45,218.5,215.2,215.9,216.1
2021-02-04,Mazdock,216.3,223,215.55,219.2,219.35
2021-02-05,Mazdock,221.15,222.9,217,219,219.1
2021-02-08,Mazdock,220.75,224.4,220.1,221,221.05
2021-02-09,Mazdock,221.55,226,218.7,220.75,220.05
2021-02-10,Mazdock,221.05,228,219.1,225.4,224.95
2021-02-11,Mazdock,226,242.6,224.75,232,231.8
2021-02-12,Mazdock,232.95,234.8,223,223.5,224.4
2021-02-15,Mazdock,222,223.9,215.8,217,216.85
2021-02-16,Mazdock,221,223.5,217.6,220.75,219.9
2021-02-17,Mazdock,221.25,221.8,214.2,214.8,214.7
2021-02-18,Mazdock,216.2,220.4,213.1,218.75,218.55
2021-02-19,Mazdock,218.55,222,214.5,218.5,218.3
2021-02-22,Mazdock,215,217.8,205.6,207,208.1
2021-02-23,Mazdock,209.05,217.7,207.5,215.3,215.55
2021-02-24,Mazdock,217.45,221.9,216.5,216.85,217.9
2021-02-25,Mazdock,219,222.4,218,218.9,219.4
2021-02-26,Mazdock,215.2,217.45,211.7,213.6,213.2
2021-03-01,Mazdock,214.95,219.6,214.3,218.75,218.15
2021-03-02,Mazdock,219.95,228.65,219.65,225,224.75
2021-03-03,Mazdock,226.5,241.35,225.1,231.3,231.65
2021-03-04,Mazdock,229.95,239.05,228.65,233.2,233.05
2021-03-05,Mazdock,232.6,234.9,220.5,223,221.8
2021-03-08,Mazdock,223.5,230,223.4,227,227
2021-03-09,Mazdock,228.6,230,220.5,223.9,222.45
2021-03-10,Mazdock,224.9,228.8,221.15,226.5,226.45
2021-03-12,Mazdock,228.45,230,220.2,220.5,220.85
2021-03-15,Mazdock,221.8,222.65,216.1,219.4,219.35
2021-03-16,Mazdock,220.7,221.25,215,215.9,216.2
2021-03-17,Mazdock,215.9,218.2,210,211,210.8
2021-03-18,Mazdock,212.2,214.25,203.3,207,204.75
2021-03-19,Mazdock,205.3,212,200.25,210.8,210.95
2021-03-22,Mazdock,210.95,217.75,208.95,215.75,215.8
2021-03-23,Mazdock,216,219.5,215,216.6,216.95
2021-03-24,Mazdock,215.8,217.8,212.55,215,216.45
2021-03-25,Mazdock,216.4,216.4,206.2,208.45,208.15
2021-03-26,Mazdock,210,216.05,208.35,212,213.6
2021-03-30,Mazdock,215,215.5,210,210.45,210.4
2021-03-31,Mazdock,210,214,209.8,211,212.3
2021-04-01,Mazdock,213,217,213,214.5,214.7
2021-04-05,Mazdock,213.1,213.9,207.45,209.8,209.55
2021-04-06,Mazdock,210.8,216.05,207,214.65,215.1
2021-04-07,Mazdock,219.7,221.4,210.55,213.15,213.15
2021-04-08,Mazdock,214.5,217,212,212.8,212.65
2021-04-09,Mazdock,212.4,215.4,210.8,211.5,211.4
2021-04-12,Mazdock,207.15,208,200.1,201.5,201.35
2021-04-13,Mazdock,201.85,205.35,199,201.55,201.95
2021-04-15,Mazdock,200.2,203.85,198.35,200,200.3
2021-04-16,Mazdock,201.7,204.5,200.65,201.45,201.15
2021-04-19,Mazdock,196.1,197.95,193,194.5,194.95
2021-04-20,Mazdock,196.2,198.9,195.4,195.8,196.35
2021-04-22,Mazdock,195.4,195.4,191.85,192.45,192.7
2021-04-23,Mazdock,192.95,198.25,192,194.7,195.2
2021-04-26,Mazdock,196.95,204,195.6,203.2,203.15
2021-04-27,Mazdock,203.45,205.85,200.7,202.4,202.6
2021-04-28,Mazdock,202.9,205.15,202,202.5,202.6
2021-04-29,Mazdock,204.9,204.9,201,201.45,201.3
2021-04-30,Mazdock,200.3,206.9,199.95,200.8,200.3
2021-05-03,Mazdock,199.4,205.8,198.55,203.3,203.5
2021-05-04,Mazdock,204.7,208.45,200.1,201.55,201.6
2021-05-05,Mazdock,202.5,212.5,202.5,210.7,210
2021-05-06,Mazdock,212,212,205.4,207.75,208.4
2021-05-07,Mazdock,209,211.7,207,207.5,208.2
2021-05-10,Mazdock,208.95,210.4,207.8,208.35,209.45
2021-05-11,Mazdock,207,216.5,205.95,213,213.25
2021-05-12,Mazdock,214,216.55,207,208.4,209.05
2021-05-14,Mazdock,209,211.4,206.1,206.4,206.45
2021-05-17,Mazdock,208.1,210.75,206.6,208,207.8
2021-05-18,Mazdock,208,209.5,203.6,205.6,205.75
2021-05-19,Mazdock,206.5,220.9,206,219,217.3
2021-05-20,Mazdock,220.5,225,212.2,213.15,213.55
2021-05-21,Mazdock,215,216.6,209.8,211.05,210.7
2021-05-24,Mazdock,210.8,213.2,209,210.6,210.8
2021-05-25,Mazdock,211.1,219.9,211.1,215.55,215.5
2021-05-26,Mazdock,216.1,222.05,214.2,217.5,217.2
2021-05-27,Mazdock,218,219.8,214.2,216.1,215.7
2021-05-28,Mazdock,217,218.8,212,212.85,212.45
2021-05-31,Mazdock,213.7,214.6,209.05,209.65,209.7
2021-06-01,Mazdock,212,212.85,207.1,209.4,208.35
2021-06-02,Mazdock,209.7,214.2,208.4,210.6,210.45
2021-06-03,Mazdock,212.7,226,211.6,216.95,217.15
2021-06-04,Mazdock,218.45,231,217.5,229.2,228.8
2021-06-07,Mazdock,235,274.55,234.5,274.55,274
2021-06-08,Mazdock,275,287.75,262.4,272.5,273.85
2021-06-09,Mazdock,273.4,281.9,262.8,266.8,267.35
2021-06-10,Mazdock,269,296,268.8,273.2,273.65
2021-06-11,Mazdock,277.45,283.95,268.75,270.5,271.7
2021-06-14,Mazdock,269.5,269.5,253,256.85,256.4
2021-06-15,Mazdock,258,266.4,255,255.8,256
2021-06-16,Mazdock,257,263.4,251.05,258,259.85
2021-06-17,Mazdock,255.3,262,253.1,254.95,254.6
2021-06-18,Mazdock,256.7,258.7,245.75,253.95,253.65
2021-06-21,Mazdock,250.9,253.65,246.3,249.2,249
2021-06-22,Mazdock,251,264.2,250.4,262,260.1
2021-06-23,Mazdock,264.9,267,252.1,255.9,256.05
2021-06-24,Mazdock,256.3,258.6,252,252.75,252.75
2021-06-25,Mazdock,255,258.3,252.05,254,254.25
2021-06-28,Mazdock,254,256.8,251.2,253.8,252.05
2021-06-29,Mazdock,253.75,254,247.5,248.2,248.55
2021-06-30,Mazdock,249.4,252.75,241.5,243,243
2021-07-01,Mazdock,244.9,248.8,243.55,245.1,245.35
2021-07-02,Mazdock,246.3,249.5,243.8,245.4,246.05
2021-07-05,Mazdock,247.4,257.6,247.3,256.7,256.1
2021-07-06,Mazdock,257,257.95,249.15,249.95,249.95
2021-07-07,Mazdock,249.9,251.2,246.05,248.25,249
2021-07-08,Mazdock,249.35,251.05,241.5,243.25,242.9
2021-07-09,Mazdock,243.75,250.4,243.05,248,247.8
2021-07-12,Mazdock,249.7,254.5,245.5,246,247.3
2021-07-13,Mazdock,248,250,246.35,247,247.45
2021-07-14,Mazdock,247.65,254.2,246.7,250.75,251.25
2021-07-15,Mazdock,253.3,265.75,252.1,263.1,263.7
2021-07-16,Mazdock,266,268.9,258.8,259.4,260.3
2020-01-01,Infy,735,740,732.55,739.35,736.85
2020-01-02,Infy,738.9,740.8,730.9,735.75,734.7
2020-01-03,Infy,733.9,748,733.9,745,746
2020-01-06,Infy,746.1,753.8,736.5,738.5,738.85
2020-01-07,Infy,738,742.6,725.1,729.3,727.9
2020-01-08,Infy,724.95,729,708.3,718.9,718.2
2020-01-09,Infy,721.7,731.5,714.3,727.6,727.55
2020-01-10,Infy,740.45,742.9,730.5,740,738.15
2020-01-13,Infy,760,777.5,755,772.5,773.55
2020-01-14,Infy,769.95,776.95,767.2,775.5,775.65
2020-01-15,Infy,773.85,773.85,762.15,766.3,767.55
2020-01-16,Infy,770.7,772.5,760.25,767.2,767
2020-01-17,Infy,770.7,772.9,762.25,767.45,767.85
2020-01-20,Infy,771.6,774.4,762.95,768.85,768.45
2020-01-21,Infy,768.45,770.5,760.75,761.15,762.5
2020-01-22,Infy,768.45,778,766,769.8,770.2
2020-01-23,Infy,777.1,785.5,776.7,782.35,784.35
2020-01-24,Infy,775.75,786.5,773.6,783,782.75
2020-01-27,Infy,779.05,784.8,774.4,778.05,778.1
2020-01-28,Infy,781,781.8,772,778,778
2020-01-29,Infy,786.6,792.8,784.25,790,789.7
2020-01-30,Infy,789.7,789.7,778,780.6,780.7
2020-01-31,Infy,780.55,784.95,771.6,777.7,775.95
2020-02-01,Infy,775.1,791.25,769.25,777,779.5
2020-02-03,Infy,782,790.95,764.5,767.1,767.4
2020-02-04,Infy,770.1,789.9,770.1,788.1,787.85
2020-02-05,Infy,781,786,774.4,784.5,784.55
2020-02-06,Infy,784.35,786.8,770,772,771.35
2020-02-07,Infy,775.95,778.85,771,776,777.3
2020-02-10,Infy,774,778,769.75,773,773.2
2020-02-11,Infy,779,779.1,769.2,775,773.55
2020-02-12,Infy,775.8,783.25,775.1,780.8,781.05
2020-02-13,Infy,785,794,782.2,792.5,792.25
2020-02-14,Infy,794.5,799.2,784.6,786.3,786.45
2020-02-17,Infy,790.3,793.45,783.3,788.85,789.45
2020-02-18,Infy,785,799.05,783.65,798.5,797.65
2020-02-19,Infy,800,804.85,796.15,800.4,800.45
2020-02-20,Infy,803.25,806.1,793.85,796.8,797
2020-02-24,Infy,800.1,811.6,792.15,795.9,795.85
2020-02-25,Infy,799,806,795.4,799.5,798.4
2020-02-26,Infy,793.95,801.45,780.5,782.25,782.75
2020-02-27,Infy,778,780.75,772.2,776.55,777.85
2020-02-28,Infy,750,756.8,722.05,732,731.7
2020-03-02,Infy,737,765.9,733.75,739.4,741.05
2020-03-03,Infy,755,759,741.25,751,747
2020-03-04,Infy,753.9,761.5,745.55,758,758.75
2020-03-05,Infy,763.75,773.55,751.75,754.15,754.6
2020-03-06,Infy,741,744,729.1,739,738.95
2020-03-09,Infy,724.5,725.85,697,706.4,704.45
2020-03-11,Infy,690.65,695.95,669.05,682.15,686
2020-03-12,Infy,668,670,627.5,631,631.2
2020-03-13,Infy,592,667,570,652.15,642.35
2020-03-16,Infy,622,622.15,580,583.2,583.15
2020-03-17,Infy,588.1,592,550,560,554.95
2020-03-18,Infy,568,578,528,531.7,534.3
2020-03-19,Infy,509.25,558,509.25,551.8,545.55
2020-03-20,Infy,549.5,617.45,548,580.9,585.2
2020-03-23,Infy,540,560.95,515.9,529.15,526.45
2020-03-24,Infy,522,601.15,522,600,589.8
2020-03-25,Infy,597,635,565.7,607,606.2
2020-03-26,Infy,615,650.85,612.1,640,643
2020-03-27,Infy,665.05,674.9,642.25,655,652.7
2020-03-30,Infy,625.1,663.5,621.1,623.8,626.7
2020-03-31,Infy,650,662,633.7,639.6,641.5
2020-04-01,Infy,634.35,637.5,594,603.9,602.8
2020-04-03,Infy,603.5,606,582.15,588.5,585.7
2020-04-07,Infy,615,644.25,612.9,633.8,639
2020-04-08,Infy,630,655.65,626.35,632.25,631.6
2020-04-09,Infy,646.8,652.8,632.1,635.6,636.25
2020-04-13,Infy,629,651.7,626.05,637,637.4
2020-04-15,Infy,651.4,653.3,635.6,640,639.05
2020-04-16,Infy,619.95,634.9,603.5,626.9,623.85
2020-04-17,Infy,644,646,626,634.2,628.75
2020-04-20,Infy,640,661,639,650.95,653.3
2020-04-21,Infy,627.8,646.5,627.8,633,633.2
2020-04-22,Infy,633.2,645,628.05,641.5,641.85
2020-04-23,Infy,647.05,683.65,638.1,675,679.3
2020-04-24,Infy,668.55,675,654.8,660.95,658
2020-04-27,Infy,661.05,681,661.05,665.1,664.6
2020-04-28,Infy,673,677,653.05,664.05,660.7
2020-04-29,Infy,666,682,658,678,676.55
2020-04-30,Infy,700,720,698.1,715.05,715.5
2020-05-04,Infy,689.8,701.2,670.35,675.15,673.7
2020-05-05,Infy,681.75,685.6,670,674.5,673.7
2020-05-06,Infy,676.9,681.45,664.05,667,665.9
2020-05-07,Infy,665.55,674.35,662.45,666.7,664.95
2020-05-08,Infy,672.25,680.9,668.5,676,674.2
2020-05-11,Infy,682.5,698.55,678,683.75,682.9
2020-05-12,Infy,678.5,691,675.5,687,687.65
2020-05-13,Infy,694.8,699.9,683.75,693.75,694.15
2020-05-14,Infy,659,671.75,652.6,658.2,658.15
2020-05-15,Infy,664.8,664.8,646.7,652.3,652.3
2020-05-18,Infy,659.85,670.55,653,659.6,663.9
2020-05-19,Infy,664,674.8,655,670,668.6
2020-05-20,Infy,668.5,673,659.65,666,669.55
2020-05-21,Infy,666.5,679.45,665.4,673,672.2
2020-05-22,Infy,675,695.85,673.5,692,692.35
2020-05-26,Infy,693,699.45,679,681.3,680.55
2020-05-27,Infy,686.05,709.2,675,706.2,705.45
2020-05-28,Infy,707,710,690,706,707.4
2020-05-29,Infy,692.5,700.8,674.95,692,691
2020-06-01,Infy,698.75,706.65,691.5,699.55,699.55
2020-06-02,Infy,700.5,711.65,697.55,708.2,708.1
2020-06-03,Infy,710.7,711.9,696,702.85,701.55
2020-06-04,Infy,702,709.45,697.5,707.05,707.75
2020-06-05,Infy,707,711.7,700.6,704.75,703.55
2020-06-08,Infy,707.65,725.8,704,722.05,720.85
2020-06-09,Infy,720,729.6,715.05,715.05,717.6
2020-06-10,Infy,715,719.45,709.2,714.95,715.85
2020-06-11,Infy,712,713.4,700.25,703.8,703.95
2020-06-12,Infy,675.8,695.15,675.5,691,692.05
2020-06-15,Infy,693,704.4,685.25,688.05,687.55
2020-06-16,Infy,702,712,699.15,700,701.2
2020-06-17,Infy,699.9,710.3,698,704.6,703.65
2020-06-18,Infy,708.2,716.6,706,713.4,713.9
2020-06-19,Infy,709,711.9,701,708.15,705.55
2020-06-22,Infy,707.1,708.7,700,703.45,703.7
2020-06-23,Infy,695.7,724.5,692.1,720,720.65
2020-06-24,Infy,716.9,726.8,709.4,715.25,714.15
2020-06-25,Infy,704.85,705.6,693.5,700.7,700.5
2020-06-26,Infy,710.2,751.6,710,747,748.2
2020-06-29,Infy,735.4,744.7,730.1,731.4,731.75
2020-07-01,Infy,737.25,742.3,729.75,730.85,731.9
2020-07-02,Infy,737.35,765.45,735.4,756,756.6
2020-07-03,Infy,755,764,752.5,762.15,762.7
2020-07-06,Infy,765.2,775,761.5,764.4,764
2020-07-07,Infy,769.4,796.95,765.55,789.9,794.15
2020-07-08,Infy,784.9,784.9,772.2,774.5,774.7
2020-07-09,Infy,780,790,775,782.05,781.7
2020-07-10,Infy,773.5,789.9,773.5,779.9,781.85
2020-07-13,Infy,788,805.35,786.05,796.1,797.05
2020-07-14,Infy,792.95,806.4,781.35,784.95,783.25
2020-07-15,Infy,799,848.45,794.8,833.95,830.95
2020-07-16,Infy,900.1,955.5,894.25,910,911
2020-07-17,Infy,911,919.9,892.15,905.65,903.15
2020-07-20,Infy,908.5,945,906.75,942.95,934.3
2020-07-21,Infy,945,949.7,929.2,937.35,936.75
2020-07-22,Infy,938.95,939,910,919.25,917.9
2020-07-23,Infy,915.65,915.8,900.65,911.25,907.95
2020-07-24,Infy,903.25,925.75,903.25,921.2,922.85
2020-07-27,Infy,921.55,952.8,918.65,947.15,948.45
2020-07-28,Infy,946,967.55,941.2,960.6,962.85
2020-07-29,Infy,953.25,960,943.6,951.95,954.15
2020-07-30,Infy,962,972.65,958.75,962.15,961.45
2020-07-31,Infy,969.25,986.45,953.3,967.75,966
2020-08-03,Infy,960,965.4,947.45,955.3,956.9
2020-08-04,Infy,960.45,970.7,940.55,952,949.85
2020-08-05,Infy,952,960.95,938.3,944.5,944.7
2020-08-06,Infy,953.5,974.4,942.5,972,970.85
2020-08-07,Infy,969.45,969.45,949,951.65,950.9
2020-08-10,Infy,948.9,956.8,945.3,950.55,951.35
2020-08-11,Infy,949.9,962,946.1,950.5,948.45
2020-08-12,Infy,948,958.8,942.2,952.85,954.95
2020-08-13,Infy,954.8,968.5,948.25,952.3,951.2
2020-08-14,Infy,955.85,963,952.05,954.5,953.6
2020-08-17,Infy,954.1,972.45,954.1,958.3,957.5
2020-08-18,Infy,963.9,969.2,958.7,967.1,967.55
2020-08-19,Infy,970.9,971.55,957.45,960,959.3
2020-08-20,Infy,958.9,965.5,951.3,951.8,955.15
2020-08-21,Infy,963.05,963.45,946.55,949.8,948.8
2020-08-24,Infy,947,952,939.2,948.55,947.4
2020-08-25,Infy,947.5,948.65,933.6,938.6,938.1
2020-08-26,Infy,941.25,954.25,938.4,953.5,950.8
2020-08-27,Infy,960,960.95,945.2,950.8,947.05
2020-08-28,Infy,951.45,952.5,933.05,935.05,935.25
2020-08-31,Infy,935.25,950.5,914.6,919.7,928.6
2020-09-01,Infy,926.25,935,912.1,917.95,914.15
2020-09-02,Infy,915,926.4,913.5,923.6,924
2020-09-03,Infy,926.5,949.4,924,935.2,935.55
2020-09-04,Infy,915,929.5,914.45,920.5,919.15
2020-09-07,Infy,918.9,927.55,913.05,925.55,925.05
2020-09-08,Infy,929.95,952,925.55,938.8,939.3
2020-09-09,Infy,935,946,926,928.2,927.75
2020-09-10,Infy,935.3,942,924.8,939.65,940.05
2020-09-11,Infy,934.9,954.15,931,944.5,945.7
2020-09-14,Infy,957,991.05,948.3,975,978.4
2020-09-15,Infy,979.5,994,971.65,981.4,982.45
2020-09-16,Infy,986,1005.65,982,1001.8,1001.75
2020-09-17,Infy,995,1021,995,1011,1011
2020-09-18,Infy,1011,1018.8,999.1,1003.4,1002.15
2020-09-21,Infy,1001,1031,1000.5,1007,1009.9
2020-09-22,Infy,1009,1022.5,991.2,1008,1007.5
2020-09-23,Infy,1020.15,1037,1008.1,1019.85,1019.75
2020-09-24,Infy,1003,1009,970,977.75,975.4
2020-09-25,Infy,975.8,1014.9,975,1006.6,1011.45
2020-09-28,Infy,1014.8,1016.15,998.5,1010.9,1010.4
2020-09-29,Infy,1018,1028,1004.1,1013.85,1009
2020-09-30,Infy,1009,1023.95,1005,1006,1008.25
2020-10-01,Infy,1020.6,1026.5,1011.75,1018.7,1017.65
2020-10-05,Infy,1018.05,1054.9,1018.05,1047.6,1048.7
2020-10-06,Infy,1055,1060,1031.35,1056.45,1055.75
2020-10-07,Infy,1044.9,1072,1035.5,1070.1,1066.55
2020-10-08,Infy,1090,1124,1088.4,1094.5,1093.7
2020-10-09,Infy,1095.1,1113.3,1088.45,1111.2,1106.8
2020-10-12,Infy,1123,1140,1112.1,1139.2,1132.1
2020-10-13,Infy,1135.55,1166.05,1135.55,1160,1157.8
2020-10-14,Infy,1162,1164.9,1131.1,1138,1137
2020-10-15,Infy,1180,1186,1092.5,1113.25,1108.25
2020-10-16,Infy,1113.85,1135.95,1096.9,1129.5,1127.5
2020-10-19,Infy,1135,1139,1115.3,1127.55,1125.9
2020-10-20,Infy,1118.9,1144.7,1110,1135.9,1137.5
2020-10-21,Infy,1141.15,1154.35,1135,1146.75,1148.35
2020-10-22,Infy,1142,1158,1123.8,1135.35,1129.05
2020-10-23,Infy,1133,1135,1120.15,1122.4,1122.5
2020-10-26,Infy,1122.25,1129.6,1103.15,1114.2,1112.45
2020-10-27,Infy,1105.7,1109.7,1077.15,1094.5,1090.85
2020-10-28,Infy,1095.5,1104.75,1070.05,1077.5,1076.55
2020-10-29,Infy,1070,1082,1060.1,1073,1074.85
2020-10-30,Infy,1072,1083.6,1052.35,1060.4,1060.6
2020-11-02,Infy,1065,1079.95,1051.1,1068.7,1072.3
2020-11-03,Infy,1072,1079.4,1057.5,1062,1062.55
2020-11-04,Infy,1068,1116,1066.8,1094.75,1093.95
2020-11-05,Infy,1109.9,1123,1099,1104.95,1104
2020-11-06,Infy,1108,1121.1,1091.7,1119,1112.75
2020-11-09,Infy,1129.3,1146,1121.15,1135.1,1136.55
2020-11-10,Infy,1113.85,1113.85,1078,1093.9,1091.05
2020-11-11,Infy,1096,1126.35,1087,1123.5,1122.5
2020-11-12,Infy,1128.1,1142,1113.75,1119.6,1117.75
2020-11-13,Infy,1120,1133,1117,1123.45,1124.2
2020-11-14,Infy,1137,1139.65,1131.1,1134,1133.45
2020-11-17,Infy,1144.75,1145,1112.65,1125.25,1123.7
2020-11-18,Infy,1128.5,1132.7,1101.45,1111.25,1110.55
2020-11-19,Infy,1100,1114.7,1093.8,1097,1096.75
2020-11-20,Infy,1106,1109,1091.1,1104.45,1103.35
2020-11-23,Infy,1105,1144.8,1101.95,1138.5,1139.85
2020-11-24,Infy,1145,1154.9,1133.35,1140.15,1140.05
2020-11-25,Infy,1137,1143.5,1111.25,1118.8,1115.65
2020-11-26,Infy,1119.95,1119.95,1098.3,1118,1113.2
2020-11-27,Infy,1118,1121,1091,1112.35,1100
2020-12-01,Infy,1105.05,1140.25,1105.05,1137.05,1137.85
2020-12-02,Infy,1134,1147.45,1121,1142,1140.9
2020-12-03,Infy,1147,1147,1122.7,1125,1126.45
2020-12-04,Infy,1125,1137,1115,1134.5,1134.65
2020-12-07,Infy,1147.3,1153,1136,1142.95,1143.5
2020-12-08,Infy,1145,1167,1145,1153,1153.35
2020-12-09,Infy,1168.05,1179.5,1157,1176.55,1175.2
2020-12-10,Infy,1157.4,1171.65,1150,1168,1167.75
2020-12-11,Infy,1159.7,1171.95,1155.25,1165.2,1163.2
2020-12-14,Infy,1169.4,1172.6,1148.2,1163.5,1164.55
2020-12-15,Infy,1156,1163.7,1152,1154.4,1154.6
2020-12-16,Infy,1160,1168.9,1153.6,1164,1165.7
2020-12-17,Infy,1165.9,1168.9,1156.2,1158.6,1159.2
2020-12-18,Infy,1182.85,1195,1175.6,1186,1189.8
2020-12-21,Infy,1188,1209.75,1152.05,1174,1177.3
2020-12-22,Infy,1182,1223.85,1176.1,1219.95,1220.5
2020-12-23,Infy,1238,1258.85,1230.55,1252,1253.05
2020-12-24,Infy,1249.9,1249.9,1226,1237.35,1236.05
2020-12-28,Infy,1238.45,1248,1236,1239.45,1240.3
2020-12-29,Infy,1235,1254.45,1235,1249.85,1250.3
2020-12-30,Infy,1253,1253.3,1238.15,1244,1246.8
2020-12-31,Infy,1243,1258.4,1239,1253.5,1255.8
2021-01-01,Infy,1257.9,1265.5,1255.8,1259.5,1260.45
2021-01-04,Infy,1269,1290,1261.15,1288,1288.25
2021-01-05,Infy,1282,1299,1275.05,1290.35,1293.8
2021-01-06,Infy,1300,1302,1268.05,1282.5,1282.1
2021-01-07,Infy,1296,1297.65,1255.5,1266.5,1262.15
2021-01-08,Infy,1278.25,1316.8,1278.25,1311.5,1312.1
2021-01-11,Infy,1342.1,1383.35,1340,1375.95,1376.2
2021-01-12,Infy,1378,1378,1360,1376.5,1371.75
2021-01-13,Infy,1373.85,1392.8,1360,1388.65,1387.15
2021-01-14,Infy,1360,1384,1318.45,1370.5,1370.5
2021-01-15,Infy,1360,1364.45,1340,1343.4,1344.95
2021-01-18,Infy,1338,1340,1306,1311,1312.05
2021-01-19,Infy,1320,1331,1312,1319.35,1316.65
2021-01-20,Infy,1320.55,1348.4,1320.55,1338.85,1339.45
2021-01-21,Infy,1350,1361.05,1335,1342,1339.7
2021-01-22,Infy,1327,1356,1326.55,1336,1340.85
2021-01-25,Infy,1345,1347.9,1313,1335,1325.1
2021-01-27,Infy,1319.6,1327.55,1285.1,1300.5,1301
2021-01-28,Infy,1291.8,1296.45,1272.55,1276.5,1276.2
2021-01-29,Infy,1286.25,1291.15,1231,1250,1239.05
2021-02-01,Infy,1250.55,1277.95,1241,1267.1,1260.9
2021-02-02,Infy,1280,1294.4,1263.6,1275.5,1271.25
2021-02-03,Infy,1277.65,1304,1273,1285,1284.65
2021-02-04,Infy,1285,1293.4,1272.05,1278.5,1279.35
2021-02-05,Infy,1286.4,1288.75,1262,1273,1272.1
2021-02-08,Infy,1285.5,1310,1275.5,1310,1303.55
2021-02-09,Infy,1306.9,1332,1297.85,1308.1,1305.55
2021-02-10,Infy,1295.8,1304.35,1283.6,1297,1296.5
2021-02-11,Infy,1289,1296,1283.05,1292.2,1292.65
2021-02-12,Infy,1305,1323.75,1301.55,1312,1309.8
2021-02-15,Infy,1320,1328.4,1307.1,1312,1309.65
2021-02-16,Infy,1314,1319.75,1286,1294.5,1290.4
2021-02-17,Infy,1290.4,1294.5,1275,1280.5,1281.3
2021-02-18,Infy,1276,1306,1275,1289.35,1292.45
2021-02-19,Infy,1296.1,1299.5,1276.8,1293,1291.3
2021-02-22,Infy,1295,1308.55,1260,1264.15,1265.2
2021-02-23,Infy,1271.15,1291,1257.55,1268,1266.35
2021-02-24,Infy,1260.05,1276.6,1252,1272.7,1274.3
2021-02-25,Infy,1288.45,1299.75,1272,1275,1274.55
2021-02-26,Infy,1269,1274.3,1244.75,1252,1253.3
2021-03-01,Infy,1263.3,1284.5,1259,1271,1267
2021-03-02,Infy,1282.25,1310,1279.2,1308.6,1304.5
2021-03-03,Infy,1319.2,1347,1308,1340.95,1343.55
2021-03-04,Infy,1335,1363.85,1325.9,1334.6,1330.35
2021-03-05,Infy,1328.5,1340,1305.05,1320.05,1316.7
2021-03-08,Infy,1324.8,1346.1,1317.2,1336.05,1335.75
2021-03-09,Infy,1329.5,1350.45,1318.75,1344,1345.55
2021-03-10,Infy,1356.9,1374,1355,1366.5,1368.15
2021-03-12,Infy,1373,1391.7,1370.05,1375.3,1374.85
2021-03-15,Infy,1370,1379.9,1358.5,1371.95,1373.6
2021-03-16,Infy,1386.05,1406,1380.5,1384.6,1384
2021-03-17,Infy,1392.25,1400,1382,1387.1,1387
2021-03-18,Infy,1393.75,1393.75,1313.5,1341.8,1337.1
2021-03-19,Infy,1330,1355.2,1318,1347.15,1344.45
2021-03-22,Infy,1350.1,1376,1336.1,1371.1,1370.8
2021-03-23,Infy,1372.45,1383.25,1359.6,1369.8,1371.55
2021-03-24,Infy,1357.85,1370.45,1346.25,1355,1353.75
2021-03-25,Infy,1346.75,1352.5,1327.6,1337.6,1333.8
2021-03-26,Infy,1344.7,1356.7,1332,1338.7,1336.2
2021-03-30,Infy,1346.9,1400,1336.15,1386.5,1385.3
2021-03-31,Infy,1382,1388,1363.3,1367.3,1368.05
2021-04-01,Infy,1380,1391.6,1371,1386,1385.2
2021-04-05,Infy,1391,1425,1387,1415,1409.9
2021-04-06,Infy,1423,1426,1406.45,1414,1411.05
2021-04-07,Infy,1410.25,1434.95,1406.6,1430,1430.2
2021-04-08,Infy,1430,1451.7,1421,1438.15,1439.85
2021-04-09,Infy,1455,1455,1430.05,1441,1441.05
2021-04-12,Infy,1474,1477.55,1415,1431.5,1425.75
2021-04-13,Infy,1433,1435.25,1375,1402.85,1397.15
2021-04-15,Infy,1332.3,1366.4,1320,1363.3,1360.75
2021-04-16,Infy,1365,1370.85,1346.6,1348.1,1353.75
2021-04-19,Infy,1340,1379.7,1332.35,1363,1362.55
2021-04-20,Infy,1379,1379,1342.4,1349,1351.35
2021-04-22,Infy,1355.55,1364.8,1345.15,1352,1351.1
2021-04-23,Infy,1343,1348.4,1331,1333.9,1333.8
2021-04-26,Infy,1332.25,1351.3,1321,1345,1343.55
2021-04-27,Infy,1346,1353,1340.15,1347.5,1348.5
2021-04-28,Infy,1358,1359.5,1344.6,1355.8,1356
2021-04-29,Infy,1368,1369,1351.4,1356,1356.35
2021-04-30,Infy,1346.3,1373.9,1345.9,1348.6,1354.35
2021-05-03,Infy,1340.8,1361,1338,1349,1352.05
2021-05-04,Infy,1354,1354.95,1324.1,1331,1329.4
2021-05-05,Infy,1341.1,1343.9,1327.8,1343,1341.5
2021-05-06,Infy,1345,1364.7,1337.4,1359.15,1361.6
2021-05-07,Infy,1365.3,1373.05,1348.5,1352.7,1352.55
2021-05-10,Infy,1349.85,1352.9,1335.05,1339.9,1339.55
2021-05-11,Infy,1336.9,1341,1325.1,1332.05,1330.65
2021-05-12,Infy,1330,1330,1314.5,1327.6,1327
2021-05-14,Infy,1326.85,1326.85,1311.3,1320,1316.4
2021-05-17,Infy,1320.3,1334.95,1320.3,1328.55,1329.4
2021-05-18,Infy,1338,1344.6,1329.5,1338.75,1340
2021-05-19,Infy,1342,1357.45,1333.25,1334.65,1337
2021-05-20,Infy,1348.4,1349.1,1335,1341.95,1339.3
2021-05-21,Infy,1347.5,1357.5,1346.35,1356,1354.5
2021-05-24,Infy,1356.65,1363,1345.1,1349,1348.05
2021-05-25,Infy,1358,1368,1354.45,1364,1361.6
2021-05-26,Infy,1367.9,1400,1362.05,1395,1397.25
2021-05-27,Infy,1404.2,1416.25,1391.7,1408.9,1402.25
2021-05-28,Infy,1409.75,1414,1396.1,1407.7,1405.05
2021-05-31,Infy,1401.5,1401.5,1383,1395,1393.75
2021-06-01,Infy,1400,1401,1378.65,1388.95,1387.2
2021-06-02,Infy,1380.75,1391.95,1365,1381,1378.65
2021-06-03,Infy,1388.1,1399,1377.05,1390.8,1389.65
2021-06-04,Infy,1393.95,1396.9,1377.65,1385.15,1385.65
2021-06-07,Infy,1391,1392,1377.3,1390.5,1389.65
2021-06-08,Infy,1396,1421.75,1395.55,1414,1412.95
2021-06-09,Infy,1413.4,1425,1404.6,1415,1415.3
2021-06-10,Infy,1424,1429,1419,1424.25,1424.3
2021-06-11,Infy,1430.1,1451.6,1429.45,1446.05,1446.9
2021-06-14,Infy,1471,1477,1453.45,1460,1461.8
2021-06-15,Infy,1464,1476,1463,1474,1473.9
2021-06-16,Infy,1472.7,1489.45,1467.5,1479.2,1480.6
2021-06-17,Infy,1475.1,1502.65,1475.1,1501.2,1495.3
2021-06-18,Infy,1509,1515.8,1487.4,1510,1503.3
2021-06-21,Infy,1493,1505.8,1484.2,1501.25,1500.3
2021-06-22,Infy,1509.7,1521.45,1502.1,1511.35,1511.85
2021-06-23,Infy,1525,1525,1498.65,1503,1503.15
2021-06-24,Infy,1517,1568.75,1511.2,1556.1,1559.2
2021-06-25,Infy,1572,1578,1543,1574,1574.2
2021-06-28,Infy,1572.9,1580.15,1560.6,1569.1,1571.8
2021-06-29,Infy,1561,1573.65,1559.2,1562,1563.05
2021-06-30,Infy,1572.05,1591,1572.05,1580,1580.8
2021-07-01,Infy,1576.85,1576.85,1559.05,1561.95,1560.4
2021-07-02,Infy,1558.95,1569.45,1542.6,1566.2,1567.8
2021-07-05,Infy,1569.15,1585,1561.05,1583.65,1578.95
2021-07-06,Infy,1573.7,1586.75,1557.1,1561,1562.2
2021-07-07,Infy,1566.05,1570.55,1544.65,1562.5,1564.6
2021-07-08,Infy,1568,1576,1549,1560.4,1560.75
2021-07-09,Infy,1556,1569.9,1551,1564.9,1562.9
2021-07-12,Infy,1570.55,1578,1533.75,1547,1547.85
2021-07-13,Infy,1556.4,1556.4,1536.3,1545.5,1544.95
2021-07-14,Infy,1554,1582.8,1538.1,1577.4,1576.9
2021-07-15,Infy,1557.9,1596.85,1556,1579.85,1580.8
2021-07-16,Infy,1573.75,1574.65,1549.6,1556.75,1555.45
2020-01-01,ICICIBANK,539.9,542.5,535.7,538,536.75
2020-01-02,ICICIBANK,536,541.9,535.85,540.8,540.6
2020-01-03,ICICIBANK,538,540.8,536.25,539.5,538.85
2020-01-06,ICICIBANK,537.25,537.25,523.8,525.7,525.7
2020-01-07,ICICIBANK,531.3,535.6,521.65,524.15,522.9
2020-01-08,ICICIBANK,516,527.35,515,525.8,525.95
2020-01-09,ICICIBANK,530.7,547.4,530.3,545.6,546.3
2020-01-10,ICICIBANK,544.9,546.5,538.5,540.15,540.25
2020-01-13,ICICIBANK,539.4,546.05,538,539,538.6
2020-01-14,ICICIBANK,536.2,538.95,534.15,538.15,537.6
2020-01-15,ICICIBANK,535.1,536.95,530.65,535.5,535.6
2020-01-16,ICICIBANK,533.9,540,533.2,536.8,537.15
2020-01-17,ICICIBANK,534.5,538,530.6,530.65,532.05
2020-01-20,ICICIBANK,533,544,531,534.7,534.85
2020-01-21,ICICIBANK,532.95,540.25,530.2,531.15,531.05
2020-01-22,ICICIBANK,531.5,534.95,520.75,522,522.85
2020-01-23,ICICIBANK,521.4,530.25,517.05,527.75,527.7
2020-01-24,ICICIBANK,529.25,537.4,527,535.45,533.85
2020-01-27,ICICIBANK,538.5,545,531.5,535.9,537.25
2020-01-28,ICICIBANK,538.1,540.6,524.45,528,528.2
2020-01-29,ICICIBANK,531.55,534.8,525.3,526.9,526.6
2020-01-30,ICICIBANK,527.65,533.95,524.15,531.1,532.2
2020-01-31,ICICIBANK,530,532.75,522.4,525.8,525.65
2020-02-01,ICICIBANK,524,528,501.85,505.5,504.6
2020-02-03,ICICIBANK,504,519.15,502,516.5,515.55
2020-02-04,ICICIBANK,520,534.65,516.65,530.65,530.8
2020-02-05,ICICIBANK,529.05,540.4,525.7,538.7,539.1
2020-02-06,ICICIBANK,540.35,547,536.25,541.1,541.6
2020-02-07,ICICIBANK,540.95,541.75,535.15,535.4,536.45
2020-02-10,ICICIBANK,538.65,542.25,530.5,535,533.95
2020-02-11,ICICIBANK,537.7,544.8,537.5,539.5,539.75
2020-02-12,ICICIBANK,545.8,550.7,542.7,549.4,549.3
2020-02-13,ICICIBANK,549,549,538,540.05,541
2020-02-14,ICICIBANK,541.25,548.65,536.55,545.8,545.8
2020-02-17,ICICIBANK,543,545.35,537.75,542.3,541.6
2020-02-18,ICICIBANK,541,544.4,536,540.9,541.2
2020-02-19,ICICIBANK,543.5,546.5,540.5,546,544.8
2020-02-20,ICICIBANK,545.5,549.35,541.8,546.5,547
2020-02-24,ICICIBANK,539.5,541.85,527.55,530.55,529.85
2020-02-25,ICICIBANK,532.45,538.8,525.3,530.9,530.95
2020-02-26,ICICIBANK,526.85,529.35,522.2,522.5,523.7
2020-02-27,ICICIBANK,522.8,523.3,512.65,514.4,515.35
2020-02-28,ICICIBANK,501.6,506.85,492.2,498.95,497.25
2020-03-02,ICICIBANK,508.25,520.55,498.45,505.9,506.1
2020-03-03,ICICIBANK,509.85,519.5,508.5,516.9,514.75
2020-03-04,ICICIBANK,517.5,517.5,497.05,508.95,508.35
2020-03-05,ICICIBANK,509.75,511.15,500,504,504.5
2020-03-06,ICICIBANK,485,496.8,477.3,485.75,486.35
2020-03-09,ICICIBANK,475,475,442.95,457.5,457.75
2020-03-11,ICICIBANK,450,471.75,449.6,465.55,465.65
2020-03-12,ICICIBANK,438,445.95,416,432.95,425.65
2020-03-13,ICICIBANK,401,464.75,395.2,449.95,447.2
2020-03-16,ICICIBANK,424.2,424.2,397.45,401.1,402.9
2020-03-17,ICICIBANK,407,408.45,364,366.95,367.25
2020-03-18,ICICIBANK,369.1,375.5,342.3,358,355.05
2020-03-19,ICICIBANK,336.1,369.6,323,335.4,338.55
2020-03-20,ICICIBANK,328,359.8,323,344.4,345.7
2020-03-23,ICICIBANK,311.15,313.7,280,282.4,284
2020-03-24,ICICIBANK,295.3,305,268.3,298.55,296.5
2020-03-25,ICICIBANK,284,334.15,281.6,315.15,316.9
2020-03-26,ICICIBANK,322,364.4,314.25,331.5,330.25
2020-03-27,ICICIBANK,355.8,359.55,326,338.5,339.85
2020-03-30,ICICIBANK,330.1,333.9,311.1,315.1,313.4
2020-03-31,ICICIBANK,324.7,334.85,316,320.4,323.75
2020-04-01,ICICIBANK,319,323.75,308.1,311.5,311.15
2020-04-03,ICICIBANK,309.5,309.5,281.5,288,286.65
2020-04-07,ICICIBANK,308.3,329.6,296.85,324.8,326.1
2020-04-08,ICICIBANK,322.85,352.75,315.1,317.65,318.95
2020-04-09,ICICIBANK,332.4,345,322.65,342,342.7
2020-04-13,ICICIBANK,341.05,345.8,329.25,331.1,330.65
2020-04-15,ICICIBANK,342.7,351.9,325,328.5,327.35
2020-04-16,ICICIBANK,325.3,347.8,319.35,342.85,342
2020-04-17,ICICIBANK,362,385.5,349.05,375,375.55
2020-04-20,ICICIBANK,376,378.9,357,361.75,361.3
2020-04-21,ICICIBANK,341,346.2,328,329.8,331.85
2020-04-22,ICICIBANK,326,338,323.05,336.5,335.95
2020-04-23,ICICIBANK,340.25,354.8,338,350.8,352.95
2020-04-24,ICICIBANK,337.9,343.25,331.5,337.05,334.85
2020-04-27,ICICIBANK,339.3,352.9,338,346.3,347.9
2020-04-28,ICICIBANK,353.75,362.85,350.25,361,359.85
2020-04-29,ICICIBANK,353,376.5,351.65,367.65,370.45
2020-04-30,ICICIBANK,382,392.95,374.15,377.7,380.15
2020-05-04,ICICIBANK,359,359,336,340,338.05
2020-05-05,ICICIBANK,348,348,329.55,332,330.85
2020-05-06,ICICIBANK,331.5,345.55,325.25,342.8,341.4
2020-05-07,ICICIBANK,337,342.9,333.7,337.9,336.75
2020-05-08,ICICIBANK,344,352.5,333.7,335.65,337.7
2020-05-11,ICICIBANK,341,343.55,318.2,322.1,320.15
2020-05-12,ICICIBANK,318.3,324.4,308,322.8,321.2
2020-05-13,ICICIBANK,343.5,348.4,332.3,337.2,338.05
2020-05-14,ICICIBANK,330,334.5,325.65,327.5,327.4
2020-05-15,ICICIBANK,329.3,330.55,318.8,322,322.7
2020-05-18,ICICIBANK,320,320.5,293.25,300.6,298.5
2020-05-19,ICICIBANK,307.05,311.5,297.1,300.8,300.3
2020-05-20,ICICIBANK,299,308.25,297.5,307,305.65
2020-05-21,ICICIBANK,306,312.8,302,304.1,304.4
2020-05-22,ICICIBANK,301,307.7,285.55,292.4,291.05
2020-05-26,ICICIBANK,296.05,297.9,290,293.9,292.7
2020-05-27,ICICIBANK,296.1,321.95,294.85,318.9,318.85
2020-05-28,ICICIBANK,322.25,329.75,320.75,325.75,326.85
2020-05-29,ICICIBANK,322.9,334.3,320,330,331.95
2020-06-01,ICICIBANK,339,348,336.2,337.85,339.25
2020-06-02,ICICIBANK,337,350,332.5,349,348.4
2020-06-03,ICICIBANK,357.9,373,353.8,357.5,356.85
2020-06-04,ICICIBANK,357,363,345.5,348.2,347.85
2020-06-05,ICICIBANK,350,360,347,359.8,357.2
2020-06-08,ICICIBANK,366.55,373.75,353.15,361,359.8
2020-06-09,ICICIBANK,360.05,369.35,345.25,346.3,348.55
2020-06-10,ICICIBANK,348.55,356.85,345.3,356.45,353
2020-06-11,ICICIBANK,352.45,354.2,340.1,341.75,341.25
2020-06-12,ICICIBANK,324.2,346.15,324.1,343,344.2
2020-06-15,ICICIBANK,341.2,342.25,325.5,331.15,331.1
2020-06-16,ICICIBANK,342.25,347.9,326.05,342.4,342.95
2020-06-17,ICICIBANK,338.6,351,336.1,342.25,341.95
2020-06-18,ICICIBANK,340,354.7,337.2,351.4,352
2020-06-19,ICICIBANK,351,365.45,349.2,363.8,363.8
2020-06-22,ICICIBANK,367,375.25,365.15,367.85,367.55
2020-06-23,ICICIBANK,369,378.3,364.2,376.05,376.15
2020-06-24,ICICIBANK,380,380,345,349.35,348.1
2020-06-25,ICICIBANK,345.9,355.6,338.5,350.5,351
2020-06-26,ICICIBANK,355.6,358.5,346.1,351,349.1
2020-06-29,ICICIBANK,345.25,345.6,338.5,342.5,343.1
2020-07-01,ICICIBANK,354.25,365.75,351.6,362.4,364.05
2020-07-02,ICICIBANK,366,370.9,361.35,363.6,362.85
2020-07-03,ICICIBANK,364.65,367.15,359.8,360.8,361
2020-07-06,ICICIBANK,367.85,367.85,360.5,362.4,361.85
2020-07-07,ICICIBANK,363,378,362.1,374.6,376.05
2020-07-08,ICICIBANK,377.9,379,367.55,368.6,368.95
2020-07-09,ICICIBANK,373.45,376,365.3,371.75,370.35
2020-07-10,ICICIBANK,364.9,368.2,359,359.9,360.35
2020-07-13,ICICIBANK,364.1,367,352.5,354.15,353.6
2020-07-14,ICICIBANK,351.5,352.45,340.6,346.05,345.55
2020-07-15,ICICIBANK,349.5,356.8,343.75,347.9,345.8
2020-07-16,ICICIBANK,347.95,348.6,341,344.85,344.65
2020-07-17,ICICIBANK,346,356,345.45,354.6,353.8
2020-07-20,ICICIBANK,358,366.35,355.25,362.1,363
2020-07-21,ICICIBANK,371,379.9,370.05,378.9,378.8
2020-07-22,ICICIBANK,386.9,389.5,375.3,381.8,381.1
2020-07-23,ICICIBANK,382.55,395.65,378.85,394.8,392.25
2020-07-24,ICICIBANK,388.3,388.7,372.15,382.5,381.8
2020-07-27,ICICIBANK,385,385.8,356.6,358.7,358.5
2020-07-28,ICICIBANK,361.1,362.75,343.2,352.15,352.1
2020-07-29,ICICIBANK,353.2,357.65,348.2,351.2,351.05
2020-07-30,ICICIBANK,353.4,354.6,340.4,345.4,344.95
2020-07-31,ICICIBANK,346.45,353,342.05,347.2,346.8
2020-08-03,ICICIBANK,346.8,349.35,340.5,343.75,343.25
2020-08-04,ICICIBANK,347,353.2,344.2,351.4,351
2020-08-05,ICICIBANK,353.4,360,350.75,353.05,352.2
2020-08-06,ICICIBANK,353.45,363.75,348.6,359.5,358.75
2020-08-07,ICICIBANK,359.45,359.65,353.15,358.1,357.95
2020-08-10,ICICIBANK,359.5,364.95,357.35,364.2,363.55
2020-08-11,ICICIBANK,370,374.3,364.05,366.45,367.35
2020-08-12,ICICIBANK,365.75,368.75,363.75,365.7,366.85
2020-08-13,ICICIBANK,368.95,372.35,366.25,368.3,368.05
2020-08-14,ICICIBANK,371.8,371.8,354.2,360.9,361.4
2020-08-17,ICICIBANK,366,366.35,354.35,361.15,360.2
2020-08-18,ICICIBANK,361.9,370,361.6,369.5,369.55
2020-08-19,ICICIBANK,374,375.85,370.4,375,374.45
2020-08-20,ICICIBANK,367,369.65,362.6,366.85,367.75
2020-08-21,ICICIBANK,370,373,367.05,371.3,371.15
2020-08-24,ICICIBANK,374.85,381.2,373.85,379.8,380.35
2020-08-25,ICICIBANK,382.5,389.8,381.4,385.55,386.35
2020-08-26,ICICIBANK,388.2,391.65,384.2,389.75,389.35
2020-08-27,ICICIBANK,389.95,397.45,387.6,392.9,392.2
2020-08-28,ICICIBANK,393.9,411.9,392.9,409.5,409.7
2020-08-31,ICICIBANK,414.85,422,387.5,392.4,394.6
2020-09-01,ICICIBANK,394.7,399.65,385.3,393.45,390.95
2020-09-02,ICICIBANK,387.25,394,381.1,392.55,392.4
2020-09-03,ICICIBANK,392.4,392.55,381.05,384.45,382.75
2020-09-04,ICICIBANK,375,379.95,368.35,375,372.55
2020-09-07,ICICIBANK,374.1,376.85,369,374,373.4
2020-09-08,ICICIBANK,372.4,381.3,369.15,371.95,375.7
2020-09-09,ICICIBANK,370.8,372.4,361.9,368,367.6
2020-09-10,ICICIBANK,371.7,375,365.45,371.5,370.7
2020-09-11,ICICIBANK,373,373.65,365.1,370.35,370.5
2020-09-14,ICICIBANK,373.5,373.85,359.35,364.5,363.7
2020-09-15,ICICIBANK,364.05,372.25,363.7,371.7,371.55
2020-09-16,ICICIBANK,371.35,376.7,365,374.25,374.7
2020-09-17,ICICIBANK,370,371.75,367.4,368.7,369
2020-09-18,ICICIBANK,370,374.65,364.55,368.85,369.55
2020-09-21,ICICIBANK,366.65,367.4,348.5,350.7,350.7
2020-09-22,ICICIBANK,354,356.15,349.5,354.65,354.4
2020-09-23,ICICIBANK,356.6,357.1,342.45,353.5,351.85
2020-09-24,ICICIBANK,344.95,346.95,333.75,337.35,335.7
2020-09-25,ICICIBANK,339.05,350.5,336.6,347.5,348.65
2020-09-28,ICICIBANK,351.5,363.95,349.1,363.05,363
2020-09-29,ICICIBANK,363.75,363.75,354.25,358.4,357.05
2020-09-30,ICICIBANK,356.95,357.5,349.35,353.5,354.75
2020-10-01,ICICIBANK,358.25,371.2,358.25,368.5,369.2
2020-10-05,ICICIBANK,370.75,382.65,370.75,373.25,373.1
2020-10-06,ICICIBANK,377.1,381.8,375.1,380.15,380.6
2020-10-07,ICICIBANK,379.3,384.35,374.1,382.75,382.65
2020-10-08,ICICIBANK,385,389.7,382.65,387.4,387.5
2020-10-09,ICICIBANK,390.7,403.5,386.9,403.25,401.5
2020-10-12,ICICIBANK,403.45,410,400.7,404.15,404.05
2020-10-13,ICICIBANK,401,401,393.5,395.45,396.25
2020-10-14,ICICIBANK,394.35,409.25,389,405.75,406.8
2020-10-15,ICICIBANK,406.9,409.9,389.15,390.25,391
2020-10-16,ICICIBANK,394,401.3,390.5,395.35,396.1
2020-10-19,ICICIBANK,402.05,418.75,401.15,415.95,417.1
2020-10-20,ICICIBANK,413.5,416.9,411,414,414.6
2020-10-21,ICICIBANK,416,428.5,410.3,420.45,420.3
2020-10-22,ICICIBANK,416.4,419.65,407.65,413.5,412.9
2020-10-23,ICICIBANK,417,420.5,411.75,416.35,416.95
2020-10-26,ICICIBANK,418.05,419.15,401.45,405.15,404.45
2020-10-27,ICICIBANK,406.35,412.4,393.25,410.3,409.95
2020-10-28,ICICIBANK,409.9,409.9,394.8,397.25,396.05
2020-10-29,ICICIBANK,392.25,402.9,389.65,398.9,399.9
2020-10-30,ICICIBANK,399.4,402.7,388.05,393.5,392.6
2020-11-02,ICICIBANK,417,422.8,407,416.25,417.45
2020-11-03,ICICIBANK,425,446.9,424.2,445.05,443.85
2020-11-04,ICICIBANK,437.3,442,425.3,434.35,437.05
2020-11-05,ICICIBANK,445,446.25,435.6,438.15,438.5
2020-11-06,ICICIBANK,439.85,444.9,436.2,443.5,442.8
2020-11-09,ICICIBANK,450,464.6,449,464.3,462.7
2020-11-10,ICICIBANK,485.8,487.05,473,484.8,483.85
2020-11-11,ICICIBANK,484.75,490.55,472.1,489.8,486.55
2020-11-12,ICICIBANK,481.6,483.55,471.35,476.55,476.7
2020-11-13,ICICIBANK,472.7,487.1,467.55,485.8,485.55
2020-11-14,ICICIBANK,489.85,489.85,484.65,485.65,486.9
2020-11-17,ICICIBANK,490.5,493,478.15,487.75,486.4
2020-11-18,ICICIBANK,488,499,486.25,497.35,497.65
2020-11-19,ICICIBANK,490,493.35,475.8,476.8,478.75
2020-11-20,ICICIBANK,479.5,483.45,468.1,477,480.2
2020-11-23,ICICIBANK,481.8,483.35,466.5,468.3,468.25
2020-11-24,ICICIBANK,474,480,471.2,479,478.2
2020-11-25,ICICIBANK,485,489.95,471.1,472.2,472.7
2020-11-26,ICICIBANK,475.1,477.2,465.8,477,475.3
2020-11-27,ICICIBANK,476.4,479.55,471.3,474.3,473.35
2020-12-01,ICICIBANK,479.7,488.5,474.3,484.2,485.1
2020-12-02,ICICIBANK,486.35,487,472.2,479.45,480.45
2020-12-03,ICICIBANK,482.1,485,478.85,482.2,481.85
2020-12-04,ICICIBANK,483.7,504,483,503.5,502.05
2020-12-07,ICICIBANK,505,515.6,504.15,509,510.45
2020-12-08,ICICIBANK,511.5,512,505.4,508.55,508.4
2020-12-09,ICICIBANK,510,515,506.05,510.7,511.5
2020-12-10,ICICIBANK,508.1,514.4,498.75,506.3,506.95
2020-12-11,ICICIBANK,509.25,516.9,506.1,515.5,515.45
2020-12-14,ICICIBANK,518.1,527.8,518.1,526,525.8
2020-12-15,ICICIBANK,524,524.25,513.1,516.7,518.05
2020-12-16,ICICIBANK,520.05,521.7,511.1,512.5,512.45
2020-12-17,ICICIBANK,514,516.5,509.1,511.3,510.4
2020-12-18,ICICIBANK,514,518.25,509.15,515.95,517.15
2020-12-21,ICICIBANK,514.6,514.7,488.2,492.3,494.5
2020-12-22,ICICIBANK,497.3,501.8,489.1,499.55,500.3
2020-12-23,ICICIBANK,499,505.5,496.55,505,503.6
2020-12-24,ICICIBANK,506.75,515.95,505.1,513.05,513.55
2020-12-28,ICICIBANK,515.9,521.2,513.6,520.5,520.1
2020-12-29,ICICIBANK,522.55,530.8,517.85,530.1,528.8
2020-12-30,ICICIBANK,531.65,533,524.55,527.6,528.75
2020-12-31,ICICIBANK,530.1,538.5,526.5,534,535.05
2021-01-01,ICICIBANK,535.55,537,526.1,527.8,527.5
2021-01-04,ICICIBANK,532.3,535,524.3,531.7,531.7
2021-01-05,ICICIBANK,526.65,539.95,523,536.65,537.25
2021-01-06,ICICIBANK,538.75,550.6,535.85,544.9,546.7
2021-01-07,ICICIBANK,552.15,554.4,539.75,542.25,541.1
2021-01-08,ICICIBANK,547,547.1,536.35,542,542.05
2021-01-11,ICICIBANK,545.15,546,535,545.2,544.7
2021-01-12,ICICIBANK,541,550.65,537.1,547.95,548
2021-01-13,ICICIBANK,551.5,561,548.25,556,556.5
2021-01-14,ICICIBANK,554.05,558.45,550.6,553.6,553.3
2021-01-15,ICICIBANK,550,551,541.5,541.95,543
2021-01-18,ICICIBANK,544.5,548.4,528.9,530.45,533.15
2021-01-19,ICICIBANK,539,547.75,533.9,547,546.45
2021-01-20,ICICIBANK,546.45,554.6,546,550.75,551
2021-01-21,ICICIBANK,555,561,549.7,553.1,552.7
2021-01-22,ICICIBANK,553.1,553.5,530.6,532,533.8
2021-01-25,ICICIBANK,536.55,542.3,531.2,537.3,538.05
2021-01-27,ICICIBANK,537.8,539.2,519.1,522.75,522.35
2021-01-28,ICICIBANK,514.6,529.85,512,528.25,528.25
2021-01-29,ICICIBANK,533.35,544.95,529.45,538.95,537
2021-02-01,ICICIBANK,552,609.45,551,608.75,603.8
2021-02-02,ICICIBANK,613,624,598.7,618.45,617.35
2021-02-03,ICICIBANK,623.4,627.5,614,621.3,622.35
2021-02-04,ICICIBANK,618.8,631.65,609,626.35,628.3
2021-02-05,ICICIBANK,628.3,635.3,611,617,614.15
2021-02-08,ICICIBANK,622.35,633.95,622.35,629.4,629.6
2021-02-09,ICICIBANK,631.35,643.2,628.6,631.55,633.35
2021-02-10,ICICIBANK,633.35,638.2,626.4,632.5,632.15
2021-02-11,ICICIBANK,626.75,633.6,624.1,631.25,630.65
2021-02-12,ICICIBANK,629.9,649.9,629.4,647.05,647.6
2021-02-15,ICICIBANK,655,676.8,652,674.6,673.95
2021-02-16,ICICIBANK,673.4,679.4,649.55,658.15,658.35
2021-02-17,ICICIBANK,654.8,664.95,649.35,654.5,657.35
2021-02-18,ICICIBANK,650,652.4,637.6,644.9,644.65
2021-02-19,ICICIBANK,635.5,635.5,619,625.4,624.05
2021-02-22,ICICIBANK,622,629.3,607.3,608.95,609.85
2021-02-23,ICICIBANK,614.75,623.05,609.05,614.05,616.3
2021-02-24,ICICIBANK,615.1,645,615.1,640,641.1
2021-02-25,ICICIBANK,642.7,648.4,626.3,629,628
2021-02-26,ICICIBANK,615,615,590.9,597.25,597.75
2021-03-01,ICICIBANK,607.55,611.85,600.2,609.5,608.35
2021-03-02,ICICIBANK,610,616.5,599,610.95,610.5
2021-03-03,ICICIBANK,618,633.75,613.85,632,632.1
2021-03-04,ICICIBANK,618.75,630.9,615.8,621.8,620.75
2021-03-05,ICICIBANK,613.2,614.7,601.5,611.6,609.45
2021-03-08,ICICIBANK,611.6,616,601.15,608.5,608.05
2021-03-09,ICICIBANK,614.85,628.35,612.3,624.05,625.1
2021-03-10,ICICIBANK,628.75,630.5,621.8,626,625.6
2021-03-12,ICICIBANK,631.45,638,608.35,613.45,612.85
2021-03-15,ICICIBANK,611.9,612.85,590.6,603.65,603.5
2021-03-16,ICICIBANK,606.85,607,593.65,594.6,594.95
2021-03-17,ICICIBANK,597.55,603.65,587,587,589.5
2021-03-18,ICICIBANK,594.75,601.4,575.5,579.8,578.6
2021-03-19,ICICIBANK,575.2,588.9,570,587,586.65
2021-03-22,ICICIBANK,586.85,586.85,569.5,573.7,573.45
2021-03-23,ICICIBANK,576,589.25,574.3,586,586.4
2021-03-24,ICICIBANK,580,580.55,565,569.2,567.5
2021-03-25,ICICIBANK,568.1,579,557.1,570.6,571.55
2021-03-26,ICICIBANK,584.5,584.5,574.3,580,578.55
2021-03-30,ICICIBANK,582,593.1,582,591.6,591.45
2021-03-31,ICICIBANK,586,589.65,579,582.75,582.1
2021-04-01,ICICIBANK,587.55,596.1,580.2,594.75,594.4
2021-04-05,ICICIBANK,592,592,563.5,572,571.25
2021-04-06,ICICIBANK,574.7,578.5,564.4,567.35,565.9
2021-04-07,ICICIBANK,566.55,580,559.4,576.75,577.65
2021-04-08,ICICIBANK,582,585.85,573.3,576.7,576.7
2021-04-09,ICICIBANK,573.95,579,565,565.95,566.2
2021-04-12,ICICIBANK,551.4,551.95,531.15,540.9,538.55
2021-04-13,ICICIBANK,541,563.8,537.85,559.6,560.6
2021-04-15,ICICIBANK,565.95,576.75,554.15,575.75,575.2
2021-04-16,ICICIBANK,574.6,577.75,564.1,565.05,566.95
2021-04-19,ICICIBANK,550,562.3,534.4,560.4,559.75
2021-04-20,ICICIBANK,565.2,572.65,552.6,558.4,559.1
2021-04-22,ICICIBANK,552,580.6,546.9,578.4,579.2
2021-04-23,ICICIBANK,569.9,580.5,567.05,567.5,569.95
2021-04-26,ICICIBANK,602,605.5,588,588.7,591.1
2021-04-27,ICICIBANK,593.25,601.95,591.1,599,598.75
2021-04-28,ICICIBANK,598,622.8,598,619.7,621.35
2021-04-29,ICICIBANK,622.55,628.45,609,621,621.45
2021-04-30,ICICIBANK,610.1,616.35,598.1,599.7,600.5
2021-05-03,ICICIBANK,592.55,598.85,587.5,598.3,596.75
2021-05-04,ICICIBANK,596.65,608,589,592,591.55
2021-05-05,ICICIBANK,595.3,604.8,584.7,604,602.8
2021-05-06,ICICIBANK,602.8,610.85,599.25,609.95,608.2
2021-05-07,ICICIBANK,612,614.8,603.7,607.35,607.1
2021-05-10,ICICIBANK,611,617,611,614.05,613.25
2021-05-11,ICICIBANK,606.4,612.9,603.25,607.95,609.85
2021-05-12,ICICIBANK,603.2,606.65,593.2,595.15,594.75
2021-05-14,ICICIBANK,592,601.95,591.1,596.5,597.3
2021-05-17,ICICIBANK,603.25,624.5,601.2,623.9,623.6
2021-05-18,ICICIBANK,628,635.5,626,633.7,633.2
2021-05-19,ICICIBANK,627.1,634,623.35,624.45,625.45
2021-05-20,ICICIBANK,628.05,632.9,616.65,619.4,618.6
2021-05-21,ICICIBANK,622.3,643.95,622.3,642.8,642.45
2021-05-24,ICICIBANK,643.25,653.45,638,645.05,647.35
2021-05-25,ICICIBANK,650.1,652,642.5,649.25,650.3
2021-05-26,ICICIBANK,649.35,656.65,643.3,653.85,652.5
2021-05-27,ICICIBANK,651.1,656.5,648.1,653.55,652.25
2021-05-28,ICICIBANK,658.05,660,639.25,645.65,643.05
2021-05-31,ICICIBANK,643.75,665,643.75,662.35,662.75
2021-06-01,ICICIBANK,664.55,664.9,648.35,650.7,650.1
2021-06-02,ICICIBANK,648.5,649.35,641.1,649,648.35
2021-06-03,ICICIBANK,653.45,653.65,644.75,650.15,650.25
2021-06-04,ICICIBANK,653,654.9,639.4,643.65,642.7
2021-06-07,ICICIBANK,645.2,650,644.25,646.8,648.2
2021-06-08,ICICIBANK,648,648,637.4,642.95,642.4
2021-06-09,ICICIBANK,644.4,645.6,628.8,636,636.1
2021-06-10,ICICIBANK,635.45,642.4,631,641,640.4
2021-06-11,ICICIBANK,644,644.55,631.5,636.3,635.7
2021-06-14,ICICIBANK,635.7,636.1,623.35,634.5,635.15
2021-06-15,ICICIBANK,636.35,646.2,636,644.4,645.3
2021-06-16,ICICIBANK,644.9,649.2,637.6,639.15,640.1
2021-06-17,ICICIBANK,633.05,637.55,626.7,631.55,633
2021-06-18,ICICIBANK,632.6,636.6,620.7,634.25,630.4
2021-06-21,ICICIBANK,622.85,633.1,616.25,630.4,631.25
2021-06-22,ICICIBANK,635,644.1,629.55,630.4,630.85
2021-06-23,ICICIBANK,633.75,635,623.45,625.05,624.7
2021-06-24,ICICIBANK,627,636.3,624.45,635,634.05
2021-06-25,ICICIBANK,636.1,650,636.1,648.75,649
2021-06-28,ICICIBANK,651,653,646.15,650.25,650.3
2021-06-29,ICICIBANK,646.3,648.75,636.45,639.85,640.1
2021-06-30,ICICIBANK,638.3,640.8,629.8,631.45,630.9
2021-07-01,ICICIBANK,633.95,637.4,630.05,631.7,630.85
2021-07-02,ICICIBANK,632.25,641.35,632.25,640.25,640.25
2021-07-05,ICICIBANK,642.75,648.5,641.2,647.05,647.85
2021-07-06,ICICIBANK,645.2,655,645.2,648.9,650.3
2021-07-07,ICICIBANK,650.9,654.75,645.9,653,654
2021-07-08,ICICIBANK,650.5,654,638.1,642,641.9
2021-07-09,ICICIBANK,639.5,641.15,633.8,638.95,638.55
2021-07-12,ICICIBANK,646,650.25,642.4,646.7,646.25
2021-07-13,ICICIBANK,655.15,666.35,653,664,664.95
2021-07-14,ICICIBANK,662,668,658.2,664.2,664.35
2021-07-15,ICICIBANK,665.1,669.6,661.1,665.4,667.45
2021-07-16,ICICIBANK,667.45,667.75,657.7,660.7,660.3
